1,2,3,4,5,6,7,8,9,10,11,12,13,14,15,16,17,18,19,20,21,22,23,24,25,26,27,28,29,30,31,32,33,34,35,36,37,38,39,40,41,42,43,44,45,46,47,48,49,50,51,52,53,54,55,56,57,58,59,60,61,62,63,64,65,66,67,68,69,70,71,72,73,74,75,76,77,78,79,80,81,82,83,84,85,86,87,88,89,90,91,92,93,94,95,96,97,98,99,100,101,102,103,104,105,106,107,108,109,110,111,112,113,114,115,116,117,118,119,120,121
25171,35426,34209,21397,214153,26195,35519,33562,30236,202042,431180,29238.09,106970,305375,237614,12626.54,42061,27835,19608.99,19490.28,14597.87,10803.11,30437.34,20547.8,86373,154821,19014.65,13882.79,18461.01,403456,8121.712,325870.1,17653.68,466459,76080.59,397372,206126,425199,24550.37,144897,18831.49,36871,300054,568744,679193,2868.444,306974,25128.89,380882,92716,25559,20315.15,114036.9,246242,469486,444527,233639,378752,220692,500044,52691,1010859,86177,407579,241869,1201489,171015.3,289336.9,348162.6,34915,22898,566554,1036059,311560,177738,498844,165079,41527,385117,567857,339967,690016,333985,227884,33063,164211,119400,329474,1164955,70388,170564,144907,407829,94436,300622,346261,290814.8,337226,57629,522441,434285.3,245283,614891,458823,194749.3,473113,254386.4,244790,317912,547618,63758,282731,317051,146581,314577,401592,609138,88728,389474,25748,61419
7408.786,10494,12477.32,15453,9553.717,8565.384,9487.618,13444,13670,13849,17507.82,10346,16189,8438,22258.79,13419,14966,19252,8804,11281,11819,9555,12563.5,11894,13206,17511.9,8106,8462,9834.596,17372,8921.497,6147.39,10409.84,6870,15771.63,6102,10005,6817,6615,14919,8293,8945,20005,17760,19044.29,20172,15264,20327.42,16711,10922.07,8881.243,11528.51,11818,11040.48,7268.941,17199,12631,13872,7884,8172,21932.72,16616,15974,18918,20490.65,16162.85,18520,9016.203,10775,17085.51,13606.99,6431.705,12147,6724,6209,9052,11993,10042.7,15923,11479,11624.39,17323,18740,9913.434,14934,15211.16,10024,13400,10770,22465,7861,16192,9622.308,9817,12082.87,13347,7624,16545.21,15824,18726.24,11136.14,18590,22577,11470,6113,4860,8746.811,12435,8841,9098,6254,6004,13155,5637,9060,18321.78,12467.64,10605,20896,15475,11807
14733,13814,16758,6268,7703,11520,5838,11079,12114,10435,15523,11795,9334,18101,7608,12010,9380,9224,8087,1853.588,2288.061,2919,2289.786,2290.279,3031,2127.728,2487,3351.607,2487.517,2642.03,3125,1658.98,2078.813,2437.396,5148,5434,5272,2522,2019.267,2520.127,17377,6104,2090.91,2648.281,5635,1624.227,3437,3673,1946.122,2162.025,1776.747,1418.007,2403.46,5996,5200,9477,10369,6770,8918,18290,11413,16455,12854,8622,8025,5298,7033,5248,2936.812,3202.551,2566.245,2183.943,2513.058,5346,2325.258,1850.987,1489.926,4635.279,2052.609,2706,2923,7525,2410.642,2053.102,3182,2588.421,1908.937,2021.558,11442,24331,5868,8156,12025,16821,6800,6396,7219,12584,17797,15685,9046,7875,18081,9894.112,1733.425,3122,2400.442,2084.555,2640,3479,7001,2677.368,2902,4049,2427.898,5869,3800,4527,8349,763.3093,2286.814
19142,19610,29740,23105,44749,26945,23875,43728,40643,42665,65354,27494,24140,76560,46505,506098,147204,42305,22833,21287,18627,21298,28696,44998,17984,45602,28326,38112,14288,64042,19069,47497,17605,98568,20796,96623,36063,75339,35178,57633,15122,35572,72234,116342,146737,30556.84,46613,248262,60203,36462,22580,15203,28591,15613,51962,79346,39232,74171,44044,128017,23100,166661,33550,79478,64775,167837,28295,65142,76362,51347,35927,80707,82957,73454,51822,66196,51752,15999,79605,164629,142100,95113,90439,41028,17372,49452,21982,78531,128328,10710,42866,797706,70340,27825,74558,57226,64322,101016,33069,101522,101293,94679,134990,111175,47761,94910,68603,38763,108120,116549,9846,60477,90002,37877,53322,111686,98429,15369,64089,12191,13031
8074.558,9534.439,10044.05,8678.45,17280,8977,7383.869,9307.986,19480,9839,13753,11385.33,15865,48497,14553,15532.68,15950,9953,15981,7390.379,7491,8982,6813,7807.542,13107,8859,11137,8844,11489,7819,8915,7542,7889,13302,17714,15517,22100,8698.047,9859,10431.1,17351,14438,12510.94,12059.46,17538,12496,14029,10124,7486,9686,6430.534,7793,10193,4603.543,5731,14584.27,8501.885,7991,9583.454,19814,13650,14584,14034,9856,15328.85,9526,19186,9912,10736,11389,8733,7898,9211,25892,11328.64,8839,5133.389,9865.09,8970.602,11879,8702.057,24401,8809.899,9984,15740,8979,10269.68,10784,10380,22937.19,6447.487,7966,15601,10475.17,12075,7269,7127.357,11714.82,14866,12207.08,13968,11316.43,19129,15889.73,5686.425,13376,8387,7828,11485,10424,28651,8233.44,12896,19726,9628,35441,17346,14788,22372,6331,10873
148237,151944,244725,144601,110868,118199,111010,189230,185884.5,189689.7,204868,170920,204041,124020,212308,166386,225522,179261,104342.3,88774,104727,99910,107256,116257,118276,101650,95858,86455,115779,160884,122868,75419,137113,100118,151595,137334,139429,138168,124021,133699,145945,169818,170611,148100,166393,231830,135570,284693,128509,85341,71401,84559,103058.8,135279,126288,223682,149651,126643,132614,158202,185257,222822,182517,176614,252460,173963,221847,106083,99610,153313,103381,89127,120406,109335,66016,82301,100447,99455,167714.9,163189,126893,188694,185713,114408,96188,129371,91601,260064,236610,170279,131113,208778,140690,69666,144054,158617,98501,201272,117251,208115,208169,229790,197652,176921,77732,113895,89578,86105,78775,99992,79421,81173,114769,20194.47,81365,166280,132731,193001,180329,83793,88761
623054,1049345,881756,895901,638956,911734,489266,548009,1312278,416394,1031269,1694665,1262815,691424,642068,721124,712443,498110,1321583,435619,409548,302004,689718,9932.873,277201,1155610,826439,776611,894328,1098997,185943,667630,520883,2330514,813201,1119604,498611,1195430,1055935,527168,846673,999048,1144074,1653592,1462699,2303.282,566102,1222567,843489,438326,880832,1257111,366220,714519.2,1238011,1518045,481644,877749,479238,1914251,567260,1988090,1238655,898000,5503.919,2120394,1122630,784391,1615405,642637,335635,860498,744859,969608,487795,1412398,448870,398079,1354479,2101274,740957,1470946,1290421,499750,469609,539595,421170,1323730,1816368,967064,607379,651647,782037,1230122,828481,746313,829090,1366970,571969,1696705,999484,1023323,2299394,1478810,755132,771796,722247,607234,1973670,1509207,377930,860428,745634,314776,736928,1053508,1183646,696256,858795,436068,668131
8061,12293,16244.1,8661.515,8965,12722,6899.33,11760,11863,10990,56760,11579,12283,13736.3,15147,10731,13258,58388,10686,6853,24544,26291,26790,22130,23203,24912.55,6851,5386,5052,28637,35508,7188,24253,8233,10340,13017,10133,7605,6275,40814.34,9700,12945,57188,37402,51381.38,38580,38547,54389,30448,30381,22425,21441,24586,10007.3,8849.54,14206,13530.77,17662,12531.31,12133,11522,13718,10505,14056,21024,12860,16084,9867,22728,28397,5554,6274,6505.561,7480,7919,4848,24134,24507,35899,16209,11332,54113,46903,24141,21247,29871,22420,4351.724,11426,12444,6957,10760,14511,12665,13815,33498,9186,12438,13978,13072,15842,64972,52065.23,12126,7510,5178,23373,22956,5148,7458,4724.943,6063,5728,7838,21026.91,42448,11180.2,10009.29,46150,17450,23944
6892.533,15218,10824.05,9415,5740,10520,9773.209,12605,15045,11739,10742.67,14935.65,9678,13704.23,8280.661,7289.627,7460,11975,20164,4771.76,5766,7559.479,11842.29,8381,9463,11070.21,7152,4161,5779,8195,10163,5572,5003.585,5549.144,40590,20585,4292.45,14132,9783,7663,10652,15727,15622.29,12383,9406,8773,6723,11369,9074,5387,9206,5725,8352.273,5666,6074,10485,6301.967,13112.66,9647.493,32887,7168,7193.03,6822.226,7939,13281,10272.53,5741.779,5195,6114.152,6797,10511,7718,4530.394,4119,5823,6597,5786,5372,12221.86,9844,30005,10236,10475,5741,7320,8096,8056.262,3020.903,5417,14366,4522.818,12727.23,13360,19414,10978.79,9929.532,22354.23,6145.193,14628,12102.65,10413,18851.55,16784,9991.33,5346,8608.082,6022.453,5742,4941,4347,6616,10584,4032,5816,4531.707,12447,9224,14456,14739,6474,6453
111573,260944,258261,249730,181964,193911,139529,290363,208200,140310,164319,144522,272429,161052,461411.5,201342,233660,306294,157402,113502,107130,123314,167620,120170,112823,207108,145008,107786,139495,62491,102587,82529,85433,98680,161060,176570,259086,423354,156357,206208,177175,205038,813238,229699,141298,266562,121222,199222,102755,169659,156673,76555,129357,93765,70908,355303,132534,251388,149909,201121,116929,104849,192947,243393,283373,159255,190614,117935,71746,104232,105997,100139,143758,131682,125429,61179,126872,109877,126491,314189,257466,89451,174334,480878,111856,146970,285902,82283,107236,125620,89915,79419,238813,177942,220885,104386,134664,216007,181231,296460,243247,220165,101184,172726,130744,37746,133912,114088,72431,128346,76419,88930,121649,175577,147055,272172,263466,144348,196443,66035,68384
9590,13902,11192,5678,8574,10886,6843,10198,12076,31896,4301,17388,10584,10319,15687,11243,16734,4864,7010.59,7456,1417.144,3489,2755.853,3032.397,5552.603,1840.878,6203,6149,4414,2481.954,2305.954,2524.585,1129.832,3969,13363,10637,7605.986,2913.601,7060,3613.825,8839,17566,1888.394,2069.586,2367.403,3221.765,3219.006,3062.283,1805.143,1151.709,3160,1228.988,1483.995,5091,8418.043,9205,5163,10347,7377,12634.72,15422,24498,9520,25617,26291,8346,20051.84,7912,3541.209,3710,3561,5648.215,3247,9403,2620.121,3246,1832.554,3895,4662,13234.19,8102,2683.446,2967.191,1876.034,1372.954,2338,2152.278,6119,12383,9339,8449,8397,6942,44692,8361,3682.283,6835,8642,9321,9293,11486.63,3240,2856.718,12458.38,3229,7973,4360.034,3243,4535,3649,4296,4676.908,8460,3754.319,1177.219,2193.411,4284.51,7188.377,2744.816,924.6961,3328
49178,32800,84792,10447,185993,13801,77433,113273,112678.2,97774.78,316114,106816,112192,71074,13094,85380,117815,78685,18723,264348,209476,58646.33,247826,64205,328447,444097,9880,159038,404149,307746,50158,224454,160295,86931,707338,433223,85606,216977,137679.6,268781,106963.3,106107,297720,266031,418377,86015,198190,306230,220174,165510,62552,174129,218540,24386,32414,42337,539631,98890,70558,89525,83231,762568,92114,19247,133240,769824,125222.3,9552,53999,360479,74725,82129,816320,69858,242951,212861,43383,39034.21,79222,490742,170359,76285,303339,56433,270896,256088,50267,161457,40898.72,829594,45755,36991.1,32638,431780,12188,62373,100305,93952,89514,94901,95024,274197.6,469446,105795,67126,84957,56501,231905,273445,29419,65461,229290,652064,55418,114489,435894,365358,81447,283817,199554,56803
41587,39050,59843.88,22535,12794,20304,15580.17,77180,22538,15174,30528,18903,19463,16955.43,30895,16536,24966.59,28764.3,18600,22929,11470,14368,39468,20075.99,8675,9496,17530,12306.27,11189,17000,11465,13335,12200,25285.07,25435,23157.04,22258,13577.95,17718,20136,16229.04,63688,21118,17357.07,23209,20529,12204,17992.46,20750.61,10772,14632,7689.952,8962,12783.89,29285,38871,22453,27646,17768,21976,13941,26640,21637.95,41876,47218.37,88927.99,42377.51,13496.58,10247,11695,10117,13654,14610,13361,8689.125,11344,12129,7712,11227,39751.59,27065.66,40324,30686,10173,8928,15178,9858,11149,50428.07,14788.93,16340.74,17667,27531.74,21638,18787.64,14007.6,17062.96,20836,17595,21076.44,45046,30726,12842,18191,18862,14429,12713,13036,9938,11706.73,8152,15266,14104,16024,14096,23086,32266,21885.43,30168,7434,11964
6839,7771,13520,11528,5423,14472,6320,12674,10773,10035,1046.057,9977,11958,14662,9796,7547,9862,2406.342,8531,6621,1022.801,1089.605,1296.105,1272.925,1226.14,1683.738,4662,4603,5307,2342.361,1260.177,8061,1311.695,7376,9942,10375,5315,9382,7382,1487.069,14421,19635,2389.596,2249.289,1740.532,953.1437,1174.105,2338.961,1788.096,1107.282,783.784,1009.996,1139.273,7028,6802,11344,13540,10850.63,8983,13455,9101,15732,8990,9543,12960,9309,11928,5506.933,933.1613,2908.014,5646,4596,3958,4500,6601,4234,1128.009,564.7924,1811.582,7605,11840,1313.588,2566.175,1246.802,818.6775,1736.996,783.2444,3172,14756,10372,5223,13617,10367,9106,8586,916.2101,8441,9401,14941,14446,13823,1657.937,1237.878,8005,4675,4502,1348.567,1739.793,4121.742,5431,3997,15070,4717,5079,1058.764,2131.84,9011,9842,1703.446,1242.982,727.2068
5198580,7674692,6061089,5840030,6259983,6282203,3207118,6458989,6102384,6092446,7406651,6183698,7395881,1695600,7042804,7504285,4428128,7720883,7589670,3521039,4597252,3094174,5797646,7743,4947580,4197729,4520530,4621744,3960073,3391541,1069519,4446438,4495907,7795316,6002144,4999225,5590889,5427406,5996811,7348882,5728891,6630462,7092315,7709896,5930460,1006.512,6667004,6366303,4000216,5141087,4927367,5006871,4831582,31878,355205.6,41115,1080428,6489854,7754310,5292649,5820796,5853170,6617614,7643716,21565.34,6932096,7474614,5071192,5116799,4843656,3832936,4724953,4024204,2544448,2394275,3925942,4226913,3158955,7083277,7430250,6415096,6351712,6382022,4514975,4107870,3352310,4680716,7122479,2802483,33697.52,5701544,5795602,877339.4,6661640,6092866,4765582,5635349,6957393,6609110,7399910,7038539,7752026,8313235,7220152,4646813,4227678,5234313,4005050,5070394,4683739,3605500,4992469,4652113,3872543,4565241,5432967,8083213,6000367,5395913,3385833,4784789
17570,67718,58321,11378,2337.679,9372,5730,14981,3761,16858,12194,40293,6016,18741,17917,11738,5695.533,11023,11840,1774.633,5576,2153.586,7127,2744,830.668,35217,1934.022,6932,765.4455,13843,5534,3516,4267,3827,1211.115,4778,4580,5398,2624,4394,4738,4370,2041.049,2963.152,1147.091,1901.165,2649,9026,901.1322,1677.781,5720,766.8845,917.4142,29622,15970,18800,15907,24903.89,25462,6628,4665,38741,8821,29221,7783,16563,1705.862,4597,2287.741,3652,8014,11020.65,1861.953,6218,3613,1308.029,6142,1801.666,5705,5256.7,14413,7724,4204,1126.045,2886,3172,825.2626,1750.349,39012,15791,9758,16922,3275,19643,5581,22445,31665,12489,14710,44578,6415,23393,7585,12859,5326,1449.434,3290,1950.587,435.3537,2827,5041,4617,535.405,3611,2108.912,6832,3666,2220.112,6481,858.5648,596.5123
9651,14109,20204,8947,7671,8486,9158,109183,5614,6296.241,97155,8659,7096.5,4024,8827,6191,6974.263,107888,4404,13041,32199,55564,57288,58907,20955,44548,4388,2885,8384,65494.1,32868,2817,48818,2306.62,7450,4954,4060,7854,4586,59662,7877,12142,53528,31664,54172,142892.3,33050,61588,41750,28736.81,34145,53810,45158,13660,10325,14683,7855,9718,9795,7622,6826,8708.933,9762,8753.11,29118,10748,14461,4319,23844,51114,5179,4805,5940,3462,2599,2597,46372,24654,52606,7819,10063,62589,109320,16979,17383,37606,22029,2441.361,10123,7249,11834.77,8607,8264,12903,8417.559,36659,11872,10912,8764,18389,25059,48114,36040,8390,3789,6052,29245,27264,3417.545,3999,3081,5715,7876,4524,29396,60908,19535,7734,65399,15262,34692
2232.034,2888.637,3361,799.8196,1172.607,1104.57,39699,68715,5448,3695,4262,6049,3457,2824,6361,10226,100058,2883,6389,1307.682,2229.469,3974,2352.618,1739.882,1688.816,2428.814,10463,11975,6228,14138,11457,2419.843,2318.492,2570.117,2626,4061,3166.725,2623,2008.801,4956,3587,8004,1016.191,974.0337,1308.157,7807.063852,827.164,1888.317,2157.559,2870,3329,5786,5862.972,99657,58074,3780,10565,3278,1332.712,249687.9,379389,79737,46004,6537,3189,2584.895,2661,8038,1283.433,1540.686,1444.762,8005,7571,2873,3697,2498.984,1377.548,2903,9798,2428.068,3407,3243.46,2050.944,4979,1979.885,1528.372,5667,19280,69299,124673,1603.927,1431.686,1510.425,1248.669,919.1467,1529.945,37619,3829,5765,5045,11579,6628,22402,25650,1291.656,5079,1505.007,10841,27026,16220,6165,21182,6551,1333.568,1648.434,4287,4091,2835,1528.652,1159.016,8145
11811,3269.023,4312,4332,9049,6023,1951.709,4465.275,13774,2049.438,6626,6147,5184,5142.773,7648,19288,8566,4549,14450,1375.62,3208,4594,2775.854,1322.63,5589,2328.306,4572,5900,3145,1467.952,1338.275,538.2292,2059.88,3203.77,6734,9198,36202,823.6602,345.8965,2542.452,5904,7815,614.4124,3542.627,7267,27.96803,3601,2472.358,2181.219,2200.89,1335.744,1724.107,2508.388,1478.566,2967,11112,1994.835,1931.537,12579,12971,8104,7371,6756,2505.616,3147,1490.124,13236,26016,3421,3016,2368.937,1174.921,3709,38355,3997,2291.023,8912.776134,9148,8912.776134,22.36682,1475.002,80459,521.7326,2065.731,20405,3691.181,3204,1137.04,37122.09,5306,4880,17832,6517,8906,10600,4227.949,5278,7869,7448,10605,11192,5499,5515,8847.834,3723,9916,3768.754,4307,5830,8467,3155.928,6588,8432,3490,3986,9280,11369,6584,9009,4482.816,7581
12919.82,4400.186,9799,16626,6507,18523,8777,13918.68,12766,26098,37069,9933.842,9685,9855,6890.742,22314,56934,15107,40122,2719.356,2452.062,4225,5532,5601,5111,3742,10363,13145,1454.477,273.3806,7437,8189,458.3836,2105.855,5205.896,11503,44950,2790,5848,5242,38551,7241.234,10425,2384.546,34660,5410,37503,7242,96.29506,4792,2947.906,987.3841,1648.663,4803.291,3862.388,11404,26277,17720,7972,17548,9962.991,5954.656,15634,23438,5154.942,2414.905,10078.92,19909,3985,2440.679,8806,4954.325,14827,12670,6324,1475.703,4690,11728,5176,9861,5335.22,4074.016,4446,7288,2598,3906,8673,8276,5488.001,23075,4211.416,3504.724,30008,21753,9127,4217,14799,27047,33857,18580,59609,24939,3738,11694,22392,3255.21,9599,3412,2069.144,4044,4296.294,10087,2417.714,5067,14925,19115,2676.757,7486.037,12921,5309,3795
33519,47186,28128,77844,16308,15127,8983,29955,11495,5907,3041.171,7379,15368,4813.281,45845,9132.466,12801,37574,7602,14387,8178,8081,19930,5803,9308,3029,1006.563,5030,14713,57056,6842,1824.088,11354.64,2532,11287,2415.154,6280,3858,5497,14677,8043,21874.04,7447.811,13415,2097.07,25495,7611,12553,26895,6994,15134,4896,11998,11512,14428,36693,19388,5052,14651.88,9123,13250,3727.563,7352,14655,90006.42,13453,31122,2819.672,7017,17938,9025,7169,6547,3538,2328.334,1857.297,6684,3901,5135,10469,13432,11165,11764,6551,4145,18063,6148,5645,9947,13238,9262,19845.06,17969,5247,22266,5015,14012,23368,8667,33323,17584,12302,10597,19120,3336.128,2471.84,5895,9799,6152,4009,4051,4591,5685,5054,6094.931,8374,23624.63,16820,14044,7731,8326
26240.99,32775,50640.21,25882,15814,24067,20777,64656.12,32850,14475,16574,28082,36055,13392,34689,15085,26462,51472,18749,27580.09,24043,15038,23520,22603,9553,8177,26361.65,10880,17670,5009,7800,12347,26006,10450,13130,30818,19186,13373,18766,22702,23216,37093.08,13874,14601,16636,4694.071,8866,26423,5540,9037,20797,14450,13092,12527,16442,60568,15173,33742,18441,27196,9756,20452.89,31040,52309,20272,31706.7,23656,16442,7023,8898,4809,11527,19764,10000,11770,4136,11497,11940,19083,48479,28130,46954,44670,8684,7537,23621,4896,11276,26351.98,18320,21623,13700.61,33544,26291,30189,11573,16232,25383,16116,30906,42436.89,95524,13885,21741,11328,5533.039,23014,7853,10481,17664,6508,18274,19792,10418,9777,41555,31282,17677,20183,10508,7420
114490.9,106667,87147.62,105337.5,201136,143917,105629,90116,197533,74245.81,147663.9,107057.9,173351,487811,131226,148454.7,192764,118855,159947,74293,62599,90157,56021.16,2332.501,108391.8,53541,107475.7,74561,156027.7,84399,61004,56606,76648,144066.3,132708.5,104620,308210,88902.73,103960.9,106243.7,150011.9,123383,103850,138218,140992,583.2982,143645,72214,86457.62,83213,55886.15,83271.03,87204,4880.442,75656,97806.25,115783,73000,104967,196430,150287,239671,151197,103296,3657.023,95691,186859,89563,125145,98797,55428,70345,98631,308173,103994,90069,46886,66620,79434,104836,68147,285291,90922,92856,162647,64302,84793,62524,153457,207885,82077,85991,190899,149185,152040,67791,59486,142171,130496,145409,163741,91726,177861,144183,82363,169966,84395,72373,128332,100810,313038,66741,110294,231172,69315,413475,172531,133600,258573,73436,100036
76688,113125,165791,270198,37209,1140179,382841,100952,1315293,1407083,258642,375165,2238.305,14561,186416,53186,2893.707,4235.672,385247,152201,274863,739616,58696,101079,75751,233226,1657.269,81398,66274,238565,49159,695811,38093,612970,516965,1854095,914.785,1849882,24753,60969,5043127,458192,127234,8477,8593.508,26778.92,1010190,150332,100528,116646,155251,242927.8,253191,704386,260239,572654,1137426,9175372,110623,6438842,165008,117982,361885,406676,129983,160308.7,394228,177396,45834,391775,425983,621662,399137,217362,220844,2881.212,93932,2238.625,501039,271641,2978395,233116,773907,433074,785066,1238661,135.9717,157551,496072,368285,659660,43946.36,176007,13086,2359741,38599,1192004,21835,798115,183567,201236,1552724,80957,1688159,494.6923,614.2554,112875,19453,167820,229072.2,572008,219704,123970,70051,1070.462,1781867,1524.753,2332.448,810220,328939,377552
270493.1,457904,469350,477633,371541,416492,394663,287576,781447,219370,691871,864819,788955,452944,391287,386539,393644,244493,744747,195698,189480,158580.6,287065,236382.8,102061.8,700029,473050,422194,407471,563743,103322,314275,290309,938074,385571,785287,223532.7,657840,467372,215896,404473,451235,725993,1013537,648329,701.1515,206304,620455,404561,231286,523774,679956,197145,336265,506391,829493,247770,608236,293402,925267,589239,1184005,1097132,705480,400238.6,960358,690023,503196,1028732,352978,168822,539829,371824.4,674480,259363,504946,269722,250017,922682,759550,492297,725973,798670,398356,232218,330683,198264,767353,1077318,433464,356219,557637,491855,1015753,523991,616347,611065,819388,572592,1085280,622689,549197,1603935,894461,541331,433284,520657,357864,1204250,953267,211296,485977,403536,208979,381025,634061,604308,413397,347425.2,283274,562741
7372.978,6037.228,7282.927,5041,10133,149599,7255,32495.92,10277,14485,29324,5118.093,5297,13676,8842.735,9398,19350,18512,4668.696,6355,12553,7401,14164,7807.198,11415.77,10169,6950,6814,2000.988,7133,8928,3264,4483,3708,14807.44,10479,7319,8726,4132,24750,3913.909,25348,20130,21586,10936,7190,15804,18697,5242,18773,6870,35826,13095,22235,10608,6241.62,38327,29115,17140,10342,10387,6077.39,10507,19590,7191,15254.13,13206.84,13472,7818,7674,9948,6007.771,191777,13074,6239,1727.939,10300,6244,17367,25022,22303.24,10180,8932,8668,29891,27320,8768,14135,6823,2707,4987,11097,26098,14673,7236,18509,7076.303,11078,26800,199828,31211,31344,14119,8353,9694,2828.304,22988,8209,4349,16012,12302,7246,11681,5989,19794,38259,29150,5458,12007,6100,16654
510230,742059,1447991,825122,227185.8,474362,214170.8,1565351,579830,37277,164834,556722,607858,86295,119365,479055.8,439923,1279317,535358,1072753,1397398,164602.6,528345,215114,54051,173045,351841,217189,518607,439861,231788,107505,759021,620557,535191,68202,60618,439045,367260,61903,661040,1284964,447680,668666,47695,401016.7,54221,530081,305332,133033,567502,475874,52932,164707,909276,475450,539572.6,511883,549776,437476.5,293560.3,1221188,381992.5,493739,692281,776479,994063,646276,456966,377197.5,169908,178225,906401,775218,229049,255255.2,243113.4,335843,287491,332498,480730,366356,1121120,65738.86,309557,164419,99377,555303,3023999,510411,460028,181623,154703,409263,772716.1,311794,359652,389411.6,378953,479770.6,324261.6,171838,664602,887726,170951.4,588326,322373,184350,683324,613159,144409.7,349406.2,987046,157847,286389,181597,357513,484211,527230.3,315832,370788
32939,36460,37787,34470,65701,41378,38083,54658,40318,38578,54059,46032,46155,28395,50329,38814,42084,42337,36667,30278,30599,25038,27440,23733,22817,52750,27056,25780,37687,50075,16094,22054,25643,47420.18,39545,37783,28482,55982,33322,37570,36124,43793.54,81075,92326,78348,1419.752,29149,39278,37394,40192,33200,27929,23626,45744,76360,118282,115627,127003,90930,82358,39059,36281,35415,125845,173802,40608,40073,80864,71295,24921,22438,65536,121321,88326,53534,13146,72878,39743,104878,118730,103379,31529,128202,55550,29342,68114,44560,91429,40547.28,58321,68536,40488,83379,40091,85596,96125,77644,71368,34086,118708,98954,100603,119661,135693,60846,75917,72041,59182,69124,87129,33798,70421,109307,54834,67979,96891,116027,46039,88274,22688,24594
203402,431636,228035,257445.7,81001,266680.9,285571,237405,519234,81044,146169,656010,616304,62963,139289,183634,267248,209721,634725,154013,164343,188935,228795,4683.354,40002,180970,309021,465496,244666,151173,57104.21,105919,351477,289498,183408,96785,109389,165693,444766,115570,324658,389838,203128,183629,266646,2163.233,159439,605081.4,177399,45982,341431,446821,76288,3326.821,2802.814,7797.907,69738.99,203837,192471,347374,259741,432054,747076,251569,4118.359,252586,334736,145154,288841,184403,81692,150937.8,89219,138756,81602,234455,100841.9,191767,225053,279896,161894,284809,232180,103620,103606,76543,95157,184204,377455.9,8737.307,98685,359614,265867.5,414590,176276,263256,119440,286940,211227,502203,288204,166942,574659,227115,201462,214437,166081,64467,464200,255101,94647,139317,121274,64379,111810,163152,169027,374078,132927,169031,273477
22357,16139,16877.16,20513,12376,15491,10202,15838.95,22539,11499,45214,8383.557,21453,25592.41,18788,23215,22438,14514,20332,20855,30437,11211.31,23479,5071,50039,34470,17743,16506,46182,24781,6885.01,11723.94,18328,8776,24633,14542,22373.91,9758,6231.374,39682,35997,19801.46,26669,22101,60542,21283,32232,33514,29624,12721,4574,14802,22792,7423.618,7851.108,19864,39284,10983,11055,21951.21,26349,62773,14948,11393.79,16147.72,48683,33411.79,14993,13117.54,58945,9397,8462.047,69725,28761.68,23137,20490,3445,17534,9674,29185.96,7954,21718,26103,9187,27949.17,28266,11916,15281,16345.59,63081,5105,21386,23587,32227,25198,5705,10685,15172,13410,15254,23392,35323,52199,19469,3788.056,25642.25,5442,30830,29677,46205,23506.67,19589,62069,34764.01,20279,75879,48917,16781,51873,19291,9434.695
18000,29551,21170,14134,18789,27353,11269,12229,8818,9775,17795,421613.8,447536.1,4408,12558,11896,209856.9,15029,43784.71,5944,7008,8049,8429,4997.264,7349,12152,11999,10290,14115.2,11522,3159,9834,8486,223929.8,12152,21773,11351,10655,13975,11412,15043,13881,14021,16588,26158,52.64231,14957,18050,11158,9903,9389,11185,12334,110834,144672,292141.1,8060,13308,16215,200517.3,12307,326039.8,10386,191533.7,3930.079,22341,14168,10144,11242,108215.8,7611,17392,16416,11755,4118,188421.6,7741,19385,16012,13335,12350,13711.38,11126,12261,9069,10636,16026,145431.3,20518,10875,4704,10120,8038,18820,6209,9650,7895,7451,5749,11464,9358,6759,10043,10791,6409,5254,7099,8931,7465,10673,9017,8844,8180,6046,4314,9637,11250,8954,8975,3822,4996
8505,19096,6082,9815,2621,3786,5035,6336,9877,3491,8838,8984,8303,5073,6856,4266,2205.973,17855,4784,4411,6024.049,6928,4944,458.4592,1337.342,14002,5255,3744.655,6417,22248,1343.84,4770,12858,11593,6405,8148,2704,7443,2797.618,4889,4660,10410,7400,12866,7517,35745.75,4008.426,7229,19306,2494.42,13413,13531,2743,8377.852,18997,21812,5811.807,9065,4598,7954,7506,19067,11785,9185,327.2896,6554,17739,5390,6704,4893,3961,2851.005,6242,3553,5912,8008,5052,3664,3994,9836,20516,20730,19169,9086,4062,4561,4525,3579,18693,7194,2674,8795,4958,10753.12,9536,8746,3275,10451,7716,11893,6821,13770,20503,8293,832.2071,3143,9724,3275.734,7052,4147,3055.42,2094.231,6591,1436.816,2089.92,10733,8916.604,12235,7225,2514,7031
3084820,5764204,5694774,6763523,2360428,4168952,1855372,3834201,6225743,746631,3375532,8624332,4049640,1703678,1344945,3578083,1960034,2985785,6372414,3168793,2047046,1396348,2987779,3328009,296117,4102205,3554729,2822158,5093464,5264557,1360741,1474826,2784528,7055413,2534713,3657635,542601.1,3158509,4910726,608260.1,2964784,4626696,3954986,4787666,2155208,12293.3,635582,4450690,2858608,1115490,4900797,5327142,568329,2182348,4975350,3907025,2408380,4672726,2021839,3457698,1578985,8646185,4569499,4242153,4068166,7087416,4752876,3543388,6049024,1708923,870319,3499868,3098284,4253422,942865,4338404,1930080,1267800,3992925,3408330,3711652,4836808,6086686,1753168,1010050,2147387,1485644,4811081,7540286,1980695,2489237,2969018,1724042,4312767,4264262,3499222,3991402,4601758,1804463,6138831,3601383,3222404,6331252,5338040,3711668,3481570,3124018,1654782,5394619,4793934,1182406,3350202,3117800,1155932,1931368,2817794,3611370,2948591,3067374,1005132,2389784
87788.13,162142,141013,84522,38297,77674,28522,88114,112670,22841,49127,175891,70156.41,21046.66,38554,59699,40993,51194,99676,60433,51388,32163,79966,62632,19616,48844,76684.39,75485,102547,46875,19791,39519,72945,44740.52,48907,34638,28951,46312.46,104845,50009.87,82804,116544,50362,53591.05,159066,13259.87,36078,112565,36936.36,26052,105986,88160,21846,16630,20949.5,40895,44977,44781,26492.88,54561.9,30131,114074.4,47291,27044,47756,95653,51674,28452.21,37892.51,50617,17022,33106.96,58515,37031,25053.38,46112,15067,25109,28143,60271,61121,29426.75,48261,18579,20268,28544.91,10413,35679,52501,51683,16022,48853,25717.36,31677.05,31383,35721.53,30276.76,54940,27577,48460.05,43143,34290,63415.28,63770.43,26370,81385.86,24444,42906,47482.26,83244,14319,38088,61744,14127.42,26849,95576,78250,26281.6,48869,27586,33839
7710.176,18287.14,16142,14260,6422,7215.322,6074,17638,11557,3506,8723.785,18035,12447,2609.305,4015.831,7481,7125.542,13085,8208.612,11723,8847,3641.525,5921,3338.094,1273.152,9395,6273,5701,8271,10102,2443.282,5865.872,16845,18667,6790,5885.173,1886.331,9115,10427,3684.975,11047,11196,15910,11035,4123.35,1584.058,3196.333,15335,6054,3164,15507,13411,1951.937,8096,11700,14619.2,6878,18290.79,6161,10564,5761,32201,14652,11537.92,9286,18684,10938,10305,14911.17,5493,3022.42,9977,10750,7203,4494,11080,4308,3206.019,11888,10290,11804,8674,22926,4504,3499,4587.628,2409.335,7929,19912,5383.125,10673,5998,4271.495,14852,10549,10169,12901,14323.33,8688,19078,10339.2,8011,17333,21525,10057,7528,6630,3683.817,9742,11653,2113.392,9606.576,8005,5075.044,3017.567,10488,15860,7159,6712.846,4638,6587.599
14774,13107,11935,11878,13122,21696,5950.702,25429,20828,44973,4314.159,12592,14506.93,19605,47199,40177,35628,10288,12875,22995,1718.309,3803,3393.834,3473.876,2231.326,2158.694,9853,12495,3406.12,2602.16,4429,7612,1867.805,14353,18635,14456,33982,5766,6217,3176.716,14425,21772,3770,2938,3100,5378,3470.521,4258.496,1928.76,1944.864,4587,1246.742,2070.646,15892,16748,22199,9278,14841,7555,14916,15127,52114,12257,32075,40130,24721,24960,20256,4928,1749.348,12250,9715,5910,16779,7901,7840,4489,4272,6733,36578,16793,8501,2778.743,3226,1659.88,2144.836,2959,15942,17391,15651,9359,13881,10437,18066,19908,5212,7733,13497.88,16040,17844,15549,4137.518,4188.352,21916,10304,7483,3692,1775.764,11605,10725,9376,10353,9833,5020.417,2013.332,2979.801,8881.743,11709.28,3994.316,1440.837,3045.553
492180,700518,681167,689525,440372,733704,587448,1186277,850577,977010,723816,664718,829256,802057,1019130,708582,850336,578815,720821,869466,478354,230407,471473,284829,693017,600865,509030,656971,877556,635280,232741,578077,402576,668675,894095,707818,1234267,743244,420274,780715,779880,749744,730893,476906,1024800,555271,755078,842281,476871,435341,233818,473094,534093,673482,508955,738442,949035,654519,494882,730945,716811,1592741,729822,840062,1173569,1394097,893346,431938,267282,739222,581438,552244,1094549,644210,495834,492434,259030,468269,498441,1079595,714130,470594,873633,328547,487046,621085,301040,477929,639522,1376586,356150,590535,828597,968022,672238,356209,646515,836707,579708,897434,688675,665764,842455,763229,438191,653084,218788,514085,756959,893845,553205,721444,1211246,511734,510692,927971,1429707,750715,778775,316447,217275
25543,41491,63219,50510,24284,38965,21631,59740,40865,28744,13554,30570,31111,21218,62609,35503,35262,51538,34201,23416.25,14542,21579,24343,23841,14523,9874,25532,13223,15480,20235,18100,8240,11946,9139,28640,16992,42518,13880,28383,21777,44644,39771,16708,16361,10474,30851,12137,35695,33845,13840,28651,11225,11930,25972,25885,76685,53397,34598,54395,37707,46758,24132,38933,58613,183216,13444,59184,29779,11211,25315,14395,14476,31229,19972,12916,4885,17746,13672,16833,43764,67256,10307,48655,13041,9816,27892,10161,21937,23097,22226,28366,42777,47987,46939,52942,16580,35337,36174,42537,66033,46954,30920,20186,41921,14771,12285,19076,17501,11834,16630,15017,19102,35543,26973,9761,33108,30147,21682,30119,15076,22957
30504,35181,48312,37634,17444,30550,23398,58372,48546,29724,29359,57031,27591,21072,26383,29376,28113,33809,34749,34526,25005,17753,24955,22381,10568,16567,30186,24363,22064,15846,10929,26134,25747,18781,19363,33004,11099,26176,31318,13930,35220,38819,22673,19824,29370,902.2858,12022,44006,15928,9155,24657,23207,11641,21869,17911,39629,31693,48996,26117,40113,18597,42787,27362,41897,36332,45126,25637,27976,18641,12103,12464,22904,29430,23504,12584,9563,16309,17501,35251,39146,48503,18631,33128,18803,10694,21673,6758,56421,48449,17929,19682,19177,29185,30424,39135,24629,30895,26666,26725,39539,42179,30394,32072,37159,18760,16598,24024,11808,19849,29244,14349,23607,33410,12452,11086,45371,39979,16095,20020,10826,13980
94873,230146,274172,142833,101951,106632,100782,846639,170301,86997,128164,196633,147223,17034,109324,108379,83877,432046,89190,627548,348395,67379,103975,641.906,32218,174377,94355,55973,158932,271758,45592,61451,762438,169753,102909,64488,49838,214088,112881,130773,143011,146336,211197,190925,76852,1149.907,49277,124778,119272,47605,130742,105357,49808,660133.2,137038,145310,130108,228877,107941,135236,82170,405632,159774,413481,161583.8,274531,153229,144062,128881,120946,47034,129310,164346,126727,67122,70571,78678,39006,167168,183059,246135,149012,312384,158939,40790,80408,64966,156386,262201,44910,148375,119045,70727,195570,124238,249259,142620,208765,93477,189056,534870,148819,236919,196535,84581,122018,154513,89325,154347,247382,40009,129956,129726,47804,45465,480440,866328,77659,124153,79462,74493
33241,23338.35,25916.01,8100,14339,12611,7830,14548,19485,10727,13013,19559,40837,14432,11776,21599,13398,8688,14968,3294,4347,5267.652,10151,4121.114,4645,10566.99,6951.866,19159,5746,4342,4181,3360,4205,7243,10617,21118.73,4780,2970,3220,5203,9817,20195,2892,5905,6791,885.989,6661,17263,3398,4488,8749,3249,3779,10777,12088,11679,65571,12245,10813,28434,7594,9450,17321,10352,6379,7536,8739,19763,4752,5053,7301,3230,4682,4318,3885,4025,3971,7664,2528.973,3846,10807,10400,2969,3444,4147,7396,3174,3933,32138,47164,10810,13063,28916,24000,15130,18145,17603,15238,21676,18940,15929,8493,24523,20453,2976.828,7297,3961,4201,4787,6634,5676,15834,4711,6082.048,10282,5634.395,6558,9394,22656,1497.093,3755
24816.91,23680,27711,17872,27021,47809,10364,37397,35280,44197,19426,23305,28455,28659,84863,76826,65020,23618,28521,28456,8664,12549.91,9958,9455,8379,9954.453,21029,27433,6787,10552,12941.44,16583.56,9679,31331,29088,32576,76367.75,13250,13628,12865,29095,50303.44,16766,14893,16335,14592,12638,18391,9807.907,9624,9452,8845,9905,19033.22,30102,53410.25,18377.41,34376,19768,26124,28473.38,79833,23487.28,52575.4,75382.44,35965.45,42704,35087,9828,7592,27507,17127,11364.28,33273,19856,16561,7053,9396,15834,46109,21818,19613,16558.92,8731.111,6366,9031,8488,6274,31333.41,38983.97,17778,38055,33322.89,28739.97,31660.48,13277,10231.9,27919.68,29172,25365,24038,18505,21261,31406.55,21305,7503,9816,9670,15568,19956,11653,13167,13607,11200,7528,12285,15051,23293,9712,5501,9310
860632,1133157,789319,541806,190582,415001,729954,1142505,586267,363333,65787.54,385756,1055024,76200.45,1121467,720677,1223544,1233158,592716,524120,382530,313988,861263,328539,327774,245439,368243,518411,424750,698429,286157,50576.26,290228,84684,511246,163039,1189518,326818,417796,703709,454357,1322673,1081971,729805,40878.51,1187806,707170,782702,611105,265277,425124,397628,373279,378981,474961,288588,416685,532573,688935,390582,677332,69326.6,437006,1346741,1348076,832708,767515,291684,337339,357110,201762.9,333828,352238,292311,168638,31536.76,881248.7,333112,251052,803969,1010019,471876,1223163,617015,455915,760819,602703,403590,34039,639367,280853,425293,605225,331485,351682,226988,730846,657469,554592,1131456,635601,759135,740089,962416,283754,243467,272100,531204.4,482062,280188,284133,257305,476892,689782,637871,744808,916075,1329392,692876,277007,381652
12669.05,11765.74,23323.5,2562,6374,2649,4851,21769.97,6611,12659,12489,3583,21453.75,12730.02,10029,3058.246,17656.24,3577,3354.116,12239.47,1923.897,2856,3741,3666.086,4253,9320,10835.08,2626.889,11852.06,15279,892.8911,9404,8518.451,26755,4714.681,17214,6748,12989,3857.921,11312,1834.301,14402.3,12057,24128,34886.43,6071.904,12694,4618,12700,4532,2668,2988.167,6616,58991,62983.01,64898,152742,103728,81928,99753,119585,228345,102091,172757.8,186001.4,304499,115568,54554,52249,126968,85878,116629,200616,113697.2,79269,65798,59659.82,119726.1,140150,185107.5,146085.8,74419,152709.2,75358.62,125158,124690.7,62977.56,47459.36,51810,361436.9,49476,87987,132741.8,422444,67478,78497,247195.7,115824,142598,116687,112115,129016,249187,140551,57476,120241.9,65338,76115,82429.85,91709.48,91583.59,106199.5,214508,122481.4,48164.51,181779.5,132053,145505.5,124289,72992,59140.85
18819,38272.26,19668,18679,18089,42144,14471,21559.02,32165,25181.4,16159,18587.09,28148,20142,24637,21822,23857,18427,38869,15870,8435,11395,15258,10252,15226,18031,17965,11393.92,11469,9828,12758,13010,7640,17574,77320,62345,16151,23484,20054,11630,21081,67198,18972,20652,14972,11933,11913,16661,12055,7279,12352,6905,9779.215,9546,12949,27092,7998.945,22612.79,28645.2,37217,20084,16381,22064,20151,31633,24716,21314.39,15048.38,9430,8762,21531.13,18070,12185,13479,14802,13984.15,8206,9267,19850,23211.01,38488,17642,15490.33,9742,11587.05,13971,11127.72,6324.041,12647,29151,10721.49,28334,27996,55649,20661,13308,42102,22757,31568,20572,26557,22458,27500,26350.45,18554.45,15742,9155.113,9324,9856,11855.56,13567,19801.88,9101,23136.89,6170,19407,17361,31087,20342,9598,10828.16
51096.98,148555,65098.44,51782,58110,153443,35706,85803.37,83238.22,74003,44067,53650,85272,66514.37,59883,73066,66302,49265.4,140469,40891,21367,29843,52698.91,26831,50463.44,65359,44853,31323.78,28744.09,26196.25,30313.07,30562,19136,37711,227446,172211,60635.85,55532,64264,30212,62835.41,153486.2,51635,53104,36527.37,31262,29625.7,49253,29786,16670,35078,18575.85,21996,30288,35275,60456,29948,48750.97,53993,76612,62203,52715.02,55975,73344,94565,101580,72936,38706.92,22590,23982,58687,66524,41080.66,45419,37468,35736,20709,48332,74807.78,64943,106337,40765,36324,26372.57,34586,44467.85,28813,13766,31287,122666,30079,65339,77964,209206,37834,39421,135103,49758,74492,75121.95,71269,56066,109876.2,98806.84,44458,55194.92,27174,20019,26867,32860.64,44329.21,56837,38767,91275.23,15642,54010,43462,59785,54242,23941,23907
3416.014,4805.294,6819.664,3433,6017,5703,4712,5886,8007,5280,5486,6575,5679,9460,5178,5566,5842,4732,6572,3855,3091,3946,3904.192,3830.254,4814,3180,8083,3536,4187,3389,4198,3601,2703,5206,7025,6019,7349,5342,5816,4800.155,6384.549,6601,5457,5387,6350,232528.1,6530,5201,3003,5548,3727,3100,3487,4841,4687,7234,4282,4715.134,4241,7759,5639,6210,6550,5237,5624,4261.706,7287,3941,5964,4079,4575,3703,3182.409,6499,3536,3177.497,2864,3808.241,5118,6860.057,5340,9112,5167,4396,5004,3602,4395,4545,5597,7775,4111,3780.665,6017,5867,4720,4575,3698,5119,5958.263,5780.501,5690,6533.934,7015,5850,2989,3840.51,3413,4027,4582.573,3437.267,1884.538,4192,4577,5168,3530,8662,6391,6418,8178.876,4109,4302.092
292225.8,1113944,406446,368076,659296,396334,5224,338628,503476,285740,423491,451891,595346,541113,408466,556764,9184,279711.3,187632.2,3328.675,288030,303424.6486,339648.4,649.8689,402524,37378.71,32072.7,237303,36850.63,51119.65,1263.736,221013.8,147846.3,519469,372830,186326,654861,390956,315175,354222,383823,402752,399390,412660,263044.6,213.9573,15878.87,281746,438663,219283,70572.53,235566,238632,3221.944,4857,8502.825,39950.76,362178,205447.9,478604,425393,509708.3,381222,522199,972.5311,450484,246875.6,210530,12701.1,440052,250248,502384.6,272975,503443,319595,274758.5,158424,156492,335084,363114,258990,465145,323130,40990.45,73573.65,143368,282343,390975,2547.331,19784,155427,4842.341,13213,409266.6,464150,253977,332758.1,402817,274165,520948,508717,373123,623448,368075.9,496759,693320,272676,19843.52,413917,210178.9,540548,106993.5,76859.51,356519,197814,790978,725197,362781,68206.76,140527.6,80826.85
30341,46596,40766,24664,28559,42236,27594,38601,38348,32386,43874,33838,41656,12123,39363,35503,39942,39506,38356,21519,23588,21917,27822,775.7346,26276,23864,24905,22615,23645,21216,7032,25129,24950,40543,38894.23,28278,28175.49,33870,33574,42050,34767,34900,41864,44757,34428,14597.25,40989,35929,21047,22317,21590,23395,21132,3415.923,25878,40010,29561,44233,27301,33477,46103.85,38211,39822,40780,1386.873,44436,50960.8,25667,26070,30946.87,22221.22,29152,26816,17901,17931,23155,20648,22602,42328,41002,36022,40009.85,41166,22803,20474,17665,20939,20391,39866,38507,25122,31957.62,26648,52198.94,32678,27583,28828,40085,44505.23,43717,40638,49457.09,44815,40255,21493,22470,24455,27421,30439,31039,22139,30138,23711,21816,22729,39932,40732,33436,39943,18097,23204
42502,71883,62133,46258,43475,68280,41554,84788,71517,52894,133045,67837,74692,28143,73165,64163,76002,77207,70423,46781,74739,38024,82050,42625,82210,67144,46246,43110,64908,51232,16069,55965,54046,70271,69314,58600,52837,108904,55727,116475,64291,56746,95557,100552,94747,40410.13,109209,115696,66336.32,45190,41575,52145,48562,54387,53983,72681,70062,80096,44625,61449,65530,107865,66692,71470,73275,115022,75480,41775,41076,96354.05,40046,51426,80114.96,30486.03,44992,82310,41177,48508,74311,92942,60996,70388,83110,40332,47053,41007,40594,48048,74130,127093,41257,41033,42877,75119,43765,43711,54066,78345,72677,75604,70381,120656,100140,81955,39086,38925,43871,84081,87565,106261,39224,54600,57525,40376,58952,149688,94048,56052,104997,63450,36048.05
42502,71883,62133,46258,43475,68280,41554,84788,71517,52894,133045,67837,74692,28143,73165,64163,76002,77207,70423,46781,74739,38024,82050,42625,82210,67144,46246,43110,64908,51232,16069,55965,54046,70271,69314,58600,52837,108904,55727,116475,64291,56746,95557,100552,94747,40410.13,109209,115696,66336.32,45190,41575,52145,48562,54387,53983,72681,70062,80096,44625,61449,65530,107865,66692,71470,73275,115022,75480,41775,41076,96354.05,40046,51426,80114.96,30486.03,44992,82310,41177,48508,74311,92942,60996,70388,83110,40332,47053,41007,40594,48048,21172,29954,9662.075,10830,37622,3.17E-10,270650,194350,210668.5,89368.96,276620,263519,280618,226775,388430,13026.29,124437,37090,183495.9,46.92248,293316,67396.8,554419,16.87386,2.875708,259056,98077.31,474268,251737,176958.6,22.57619,1691.35,4.53E-07
29404,28550,21702.75,13966,9540,13880.15,11755,15551,19333.33,13634,12169,10921,19338.27,9125,20769,15551,26300,27307,12546.6,6154,8579,7924.233,8038,5336,8680,7314,8945,9476,7775.915,11214.4,6219.907,2335.653,7343,4747,11380,6664.76,33988.93,6995,6761,16132,14655,12189,12460,15486,5426,18355,15672,11188,11544.08,6404,6006,8198,8178,11650.49,9634,21091,14165,11198.01,17761,22957,21199,15688,18457.99,16497,16813,12783,15187,6829,9015.783,7995,4878.056,7091,8693,11836,7628.749,2355.308,9939,9083,7933,9218,13075,14253,13519.55,11377,13036,13038,12149,7498,11475,36203.82,11207,14609,26136,23589,11613,7504.709,12178,23343,21015,22501,15026.6,12239,19357,18008,5998,6863.691,6970,10627,11448,7134.238,11441,4987,11774,18629,10860,21461,14037,19801.14,19606,4510.838,9600
21204,28072,13693,9666,13433.86,8733,3748,58412.54,8026.467,10266,3683.818,9339,4817.01,3851.437,11463.13,12122.73,8123,258130,10729,6009,5975,7732.484,20500.17,7672,5576,5498,4509,8443.008,5134.768,5358,4819,1369.528,6237,2287.186,5538,2736,10881,6327,5392,11900,8313,28757,13353,15822,3271.213,12847.78,18600,10334.67,16115.81,4182,8813,7023,9265.943,12513.84,18516,8746,8334.192,8694.519,5867.465,7434,5982,4861.079,4345,28298,7534.512,2069.118,6998,5787,8947,4292,2644,5472.587,4103,6870,3565,1308.594,6677,4013.883,7858,11280.89,14638,5268.434,13452,4076,5426,11660,7942,4490,2060.217,10016,12900.4,3154,5042,4250.955,10804,10774.52,4712,10733.22,7728,15534,10413,15227,14643,10072.79,3252.853,7939,3972,9548,4426,3512,4123,3727,4453.96,3253,4090,8752.778,5683,25432,8764.534,3202.765,6684
86872.07,200303,148753,481274,91573,60535,75639.74,63585,81589,270483,156727,237592,150029,267998.7,89004,47802,49982.26,116826,74031,46825,29674.32,46963,81020,2832.287,84839,86852,61371,45368,66463,199262,6279.93,121272,76715,183973,53636,96431,65010,116533,253407,99274,256954,84345,166749,188458,67626,11104.95,219127,575033,150755,36833,256555,217505,171770,2234.627,5776.939,2248.653,53160.22,209308,81820,198061,62464.37,444504.4,158444,212743,1576.915,205733,104742,140184,165083,55518,22915,157450,163962,104714,54530,122111,66356,98108,237462,144498,129426,200248,409950,71290.65,29184.92,64408,37232,188026,922.6492,2183.975,142871.4,1822.189,45325.87,134384,156677,307235,126501,136447,47036,279433,104953.1,182052,319181,141838,92417,120951.1,138212,58466,171517,247577.4,31429,101893,73804,43076,62145,108241,178684,148252,88691,51478,205513
207937,131457,326175,204560,9795,34387,7415,177229,53919,5753,13187,120898,26295,10887.34,6688.66,58440,21839,60916,41633,122048,78570,11216,63418.39,21606,2124.815,9429.063,43901,13069,83390,55710,15125,3866.594,82553,15211.58,16966.25,3118.069,7212.351,18156,36867,8888.784,48182,151947,19206,11394,7416.283,308.9808,769.4727,60236,17883,2963.55,48314,23345,2786.441,17359,51519,17332,43049,49595,38416,24330,10291,492029,18259,115526,120582,80536,30201,75967,13991,23037,6721,8378.424,62765,48662,8592,7957,12872,4459.596,23175,65549,50988,71554,130252,3226.326,5260,11480,4645.295,20202,212238,10472,35641,20064,17111,29998,48875,27784,25600,23864,12002,27237,61749,16659.78,39743,54394,6431,89863,11679,4288.006,25810,38460,6785.817,26125,77323,9996,6207.634,21222,47815,16157,44889,5372.774,7933
16519,17528,30816,30844,2407.843,13955,9411,23994,26029,615.9293,4818,24645,7861,1119.334,701.3539,21922,13546,12820,23062,13931,8937,10257,9910,22128,299.2566,2508,13557,12473,8329,1196.318,9895,2535.735,13184,4613,5816,688.4479,163.4478,2682.507,14643,574.3793,41839,19452,7239,2111.561,1079.967,21599,303.6089,35021,975.2738,1131.297,15507,14528,180.0504,3336,8759,6725,12007,25497,9564,6691,7257,30641,8770,23085,16450,5502,11431,19607,2130.123,7235,3095,2475.002,17781,4379,4998,3692,5836,6503,4492,15116,15932,1913.454,59102,1405.049,4421,4603,798.5818,3137,39630,16669,19039,5186,4781,10590,17003,2702.196,4313.898,7943,10182,4132,5631,3516,6084,8053,2468.077,5931,1695.782,1616.652,3562.074,5575,2673,11064,12314,2945,1487.605,6265,6809,5348,8797,5188,2014.519
5888.413,28092,44982.82,56515,15839,9741,4849,10395,4730,1112.745,31654,1341.325,26161,15323,46646,1488.8,8152,9851,2030,6072,1330.123,1971.137,5743.871,2034.4,3691,2641.896,3244,494.7063,26999,5307,892.2012,3221,671.0995,3885,4649,9172,8769,978.5074,448.2617,3317,2691.742,10059,399.3395,8984,19584,10250,280.8482,948.7677,10608,1604.729,3312,177.947,6382,30213,10836,65905,16085,5188,12077,3899,21079,15406,35809,8765,47492,9503,14034,5087,5414.912,36387,9760,3472,2302.128,2228.228,1976.978,21832,3739,324.9569,2426.212,2536.715,23055,10093,7092,813.1792,433.3603,29038,262.1863,709.4804,45701,10563,10296,28845,46473,16274,58773,4547,10895,49020,6274,56068,24785,1273.308,2637.084,5911,683.6656,576.133,3671,7517,2724,3218,1089.866,845.7139,4923,14157,2989,15150,20470,1788.406,16871,1093.228,5794
52271,114571,94620,105344,324815,180533,45443.4,90913,80001,51234,286724,95155,172231,39806,103207,130346,5116.123,201078.2,156455.5,23160.85,98697,12501.95,68125,106498.4878,55719,60314.41,53263.6,63688,50128.95,64809.55,4434.647,143817.4,78238.86,218061,64574,249379,85310,121748,81764,101094,150149,98783,135054,216632,279858,5932.788,59688.59,117653,98691,131659,59976.55,85906,69245,120813.3,435.2183,23274.82,121.7135,45423,51228,54003,36647,75297,37043,36266,128315,124298,23649.32,25020,49994,17104,14682,27880.57,29542,27280,16348,61991,36224.5,39695,46606,37759,32061,30862.16,60827,8145.322,7203.368,26929.38,55656,59983,279.3043,4.281951,527.2968,194.8628,543.5209,47181,40554,60753,50328,91342,27186,71626,75028,76868,54475,68384,39450,29653,42650,30312.14,29470,234.6358,38246,28474.52,26537.82,37808,50484,51902,64911,79180,75072.74,18968.04,21362.52
43960.71,66959,79276,27984.44,10048,18471,8161,53170,18485.23,37602,11951.51,49654.77,19942,8176,43898,9300.58,13237,43696.92,15265.56,82378.79,41731.2,5725,44036.48,12985.49,12863.85,26524,7950.2,7637,12113.53,25039.57,2264.218,9845,66683.23,22237.23,11105,27640,38696,23158.25,36951,31805,15664,60122,20124.65,20391,20861,6071.594,53816,12683,15835,6920.105,28403,12022,37095,4115,9180.91,15780,4489,11593,5579,31668,2893.519,34867.55,7268,11651.91,4886,39204.59,5223.566,9342,16011,1333.939,1417.143,13516,7499.341,11084,6336,18924.29,7335,2701,12920,25333,19439,23497,14207,7593,3696.128,5681,3433,11385,19910.27,3141,4860,8550.759,8343,5908,9303.794,9625,9074,14058.94,5269,20833,33871.87,15197,24231,18736,19565.69,13527.33,9096,6687,17751,14396,2693.005,8869.455,9779,5159,8920,11541,16526.64,14275,29307.15,2531,2490.319
1705915,1935782,1796996,2033090,1796892,4185722,764876,2402561,2427561,2887269,523325,2319862,1767355,2394305,6454553,4434374,3415302,628519,2890366,2031271,277782,317710,305060,287405,275092,304330,1549581,1819303,481209,313513,329399,1252466,287490,2384842,2331307,1657759,3896589,827917,1145421,489480,2780487,1890431,595796,522553,543474,500702,479481,628959,305576,315393,285953,270355,307170,2804.178,15743,77864.36,42824,11261.51,11521,60366,41326,52795,70633,21155,1364.227,38257,115170,13414,23389,30439,3440.117,4821.69,28227,29500,13779,21501,2452.041,9723,5085.254,12328,4979.752,88045,6707.719,19386,28065,6616,24590,22602,129007,82648,5189,45516,41963,54766,44596,5887,10551.43,33458,46802,13575,68655,9891,24731.46,25551,2865.381,49830,16163,16165,32183,23745,24507,3939,31503,26460,11694,57835,48086,74169,64878,4397.679,49390
554.3914,104543,79652,73158,84972,81927,1411.246,85130,78110,77462,97763,76938,98080,19870,95131,95783,624.0789,99999,99370.94,19040.75,56607,12006.05,74817,175.9564,60700,37433.89,44049.95,57815,30076.51,25098.73,4639.959,59875,58931,97887,69464,60597,74958,67290,74569,96492,71241,78496,93326,104875,155.7644,139.908,56079.16,79625,45130,59802,46827.78,58924,55590,474.26,2143.011,399.5388,34.53464,82528,97807,70073,78893,76731,89346,97733,22.71327,86877,51964.43,64750,62104,61132,47605,44870.16,46385,29008,33395,49126,57941.39,40140,85687,93246,77168,70892.85,78606,10013.49,12689.65,25626.37,54320,76381,31.52052,539.398,667.9671,453.3391,1711.04,83082,77681,61225,76702,87374,89220,96523,91561,102930,105402,88599.01,56058,48365,64357,14008.34,60562,55799,43234,47887.02,38905.15,50492,55324,64773,97371,73333,30096.12,24107.48,35496.05
6065.651,10116,9636.729,7363,6305,15907,5628,16442.42,11850,13963,5864,9964,17180,13289,13974,14580,18557,10208,8828,8816,3868,4546,3832.734,3719,6521,6137,7904,6179,7719,4822,4295,5909,3574,7753,17281,13934,22762,6060,8659,5582,14794,30624,6148,5643,6583,6915,4625,6246,3462,2739.597,3486.483,3164.308,3548,9030,8301.748,11050,7982,8496,7196,12270,12584,21449,12369,18226,40079,11756,18952,5427,3375,4767,7400,10175,7546,10753,5239,6854,3421,9702,11170,11154,9390,5378,6369,3869,3358,4292,3545,2111.984,9010,13006,5605,13019,12944,29482,9403,5472,8493,12772,8458,10325,10857,5793.272,8254,11160,4697,6346,3521,3334,6178,5097,7581,11656,12042,5692,2868.755,7128,9748,11381,5489,2560.098,3777
30032,38287,33884,25083,23847,38265.83,20955,46248,43356,41115,73999,35436,34571,29257,40057,27857,40393,39838,28608,30950,39587,17338,34384,17670,59779,56084,23341,28293,49337,38483,13347,34163,33806,22154,42130,30098,32492,30154,27325,66954,34460,32741,61955,60287,77149.14,37005,55812,60361,39601,28783,21333,33710,41137,9189,9723,15579,16650,17485,12202,21233,16673,23973,18451,24102,19668,19868,21417,9753,8134,12479,6408,9846,19770,12206,5987,4339,7045,13465,16042,12635,10854,8760,11559,8004,9584,11204,7027,8881,36353,106936,20445,26307,25306,38155,23657,23299,22551.16,36807,30668,34277,37150,68171,82608,41641,16496,27616,18927.29,42666,37776,51706,24313.96,40707,72895,17287,33861,86974,69160,34600,71895.74,30829,19440.63
2678.293,2951,7541,41815,4323,6677,14615,8350,13381,8748,14004,1920.439,4084,6306,58487,12774,12031,9491,3630,4704,3442,6339,9338,26597,38359,4044,6670,2946.765,2490.093,3252,6298,5935,2940,2317.7,8392,4101,8737,5781,3830.062,11164,3612,4446,10278,5250,6809,7639,6268,20650,3049.96,7759,2125.78,2891,5606,4786,3214.252,6234,7313,6441,6463,4037,4884,9454,5506,11696,12879,7445,5356,5169,4381,5890,3538,3647.054,9147,2931,5361,1641.088,5709,5098,6523,11600,188882,7337,11383,4641,5298,4746,5344,2642.854,11903,4794,6055,2585.096,6038,20325,6170,4510,14037,8909,12761,4081,7313.882,17614,6261,6784,5183,1640.258,4746,4568,1462.54,5565,2175.938,2980,5104,4614,6214,10337,7994,4747,14261,4227,3719
12436,13283,15858,7423,8770,9886.118,6846,19717,9309,59823.78,5849846,15367,5072,2627966,75838.4,10512,9874,8078,6656,5542,5091,4562,11980,6368,4625,60731.18,6492,9203,4559,133329.6,3043.951,4299094,10285,4270871,29917.72,4509377,54664.16,149263.6,10677,57838.03,5920,16527,7524,186563.6,5706606,49.61518,10608,21137,137957.3,4115,8284,5793,7169,4793,3309,8007,5992.96,6157,3542,12358.78,3461,5628786,4389,22934,6077,5340829,3205,3029.947,109016.8,1926.586,2125.12,4426,316486.3,7982.751,5021,7325163,3231.086,4145,5049.665,10648,10836.28,210907.2,6881,5190,4357,5354,2727.571,8065,9500413,5496,4175.039,4138.51,8012,5143.649,6839,8175,7058,13126,5441,10241,13205,15465.56,4913,10554,4566.96,141667.1,4994,7983,99282.2,11064.25,3306,4943,7651,5543.945,5289,21298,14814.41,4406,7573.969,2114.764,2317.321
97420,159891,110765,165803,19903,115937,114208,69131,275158,10994.27,76042,302046,199093,25429.54,14327.31,78400,101183,63452,243436.4,73308,71931,68490.85,107967,194928,6414.426,125690,131321,183020,57607,90350,34502,85484,125177,222947,452847,27904,8085.573,67399.04,166342,11139.64,209568,155966,125176,59213,101303,2.80E-07,13149.63,319352,74586,23855.05,235985,301943,7581.549,63144,150867,165605.3,55758,201625,90335,231712,1242193,337968,865377,143826,65525,185629,821186,182810,197014,475315,266256,103178,102608,115151,64146,137064,73726,79964,154650,218775,120782,358399,251430,44923,69416,52194,16842.24,125861,249606,126849,111018,780810,95256,518587,135922,119504,105473,141595,91586,190007,109557,78607,306458,185888,98478,157983,78335,20973,232704,171250,38120,155399,101159,45904,38725,95174,108535.6,71218,53330.65,521020,538709
2694.246,5271.946,4351,3073,3366,4969.507,3367.665,4286,4519,3378,8287,5153,5212,1381.822,4472,4553,5211,4585,5665,2381.611,5274.134,2561.554,4762,13567,5249,4845.239,2561.2,2252.116,4178,2747.727,1068.089,2419.487,2928.171,5497,3809,3360,3023.609,5205,4185,7200,3795,4197,4767,6240,3642,261318.9,6098,8811.275,4393.316,2296.52,2634.931,2336.078,2518.585,3886,3659.245,4907,3080,4988,3030,3679,4064.537,5383.992,5183,4944,40557.46,4796,5703,3315,3089,8340,2025.281,2866.835,4965.049,1739.081,1507.512,5157,2308.323,2566,5091,3740.242,4770,4148,4603,2661.963,2161.489,1802.925,1946.413,1910.719,4511,10103.47,2584,4047.015,3106,5351,3115,3432,2851.574,5425,4357,5822,5037,6526.218,4771.627,5158,2570.135,2159.728,2891,6070,6003,7916,2471.026,2815,2731.139,2431.211,2227.47,13497,4519,3744,5337,5248,2520.582
19271,10098,14218,6313,7415,11552,5268,30956,11215,11433,8979,8261,7633,9037,15988,17311,10270,7587,5256,10053,4266,5260,13314,5070,4697,4045,7593,7496,4527,4696,4398,6186,4256,8916,12456,4768,9392,5724,5400,6660,10960,23983,7167,4861,5729,6419,7285,8174,3969,3969,3462,3154,3294,6544,13574,10153,7473,11507,7763,8274,8906,13430,9813,20226,14705,25795,15902,9111,4213,4389,6499,6980,6645,7405,6808,5699,4152,3840,4338,13646,8114,10468,6036,3551,3853,4536,3099,4442,13627,6319,5679,10641,2785,3155,8589,5188,3102,10009,5957,8786,14531,10839,8051,12818,6663,7386,4590,3970,6847,7520,4857,7650,6002,2112.53,4309,4649,12622,16560,8919,3389,6726
63154,163957,81069,54720,95460,92310,66030,96139,96901,89945,587756,86224,118916,84908,81119,63365,108718,73549,94800,341986,388381,46432,404962,55735,495766,1020251,74475,232229,1321221,677174,44689,312754,318396,72822,296334,176256,66359,99430,93287,392258,76648,90992,575951,496758,846876,380.5674,373041,542554,401934,280205,53272,344647,359075,45038,52079,58073,641762.8,79668,57551,76843,79552,1285904,81142,92436,101383,1375627,103382,56354,51430,785062.6,59916,70870,551657,61894,325488,334142,43955.28,45472,75068,696799.7,102417,77243,491484,50507,412140,383653,52681,351068,102399.7,1551431,49505,71032,55897,189932,57428,54432.65,82180.73,87341,73015,97469,96734,457903,765051,88303,63126,158369.9,51864,493871,420052,755727,61246,333507,754305,72773,192677,926935,632316,69803,459714,346838,49364
63154,163957,81069,54720,95460,92310,66030,96139,96901,89945,587756,86224,118916,84908,81119,63365,108718,73549,94800,341986,388381,46432,404962,55735,495766,1020251,74475,232229,1321221,677174,44689,312754,318396,72822,296334,176256,66359,99430,93287,392258,76648,90992,575951,496758,846876,380.5674,373041,542554,401934,280205,53272,344647,359075,45038,52079,58073,641762.8,79668,57551,76843,79552,1285904,81142,92436,101383,1375627,103382,56354,51430,785062.6,59916,70870,551657,61894,325488,334142,43955.28,45472,75068,696799.7,102417,77243,491484,50507,412140,383653,52681,351068,1220.117,1098.999,2743.401,210.2576,2240.276,1237.005,59776,86345,79893,70325,46777,63862,65677,77047,75354,56860,69336,36952,81345,53984.64,53250.77,2143.455,44579.97,60178,73532.66,30498.17,35147,45883,62307,57964,41783.07,53971,59293
9492.295,30837,28959,9275.08,1541.204,5218,9681,25114,1659.678,15301.64,6358.892,23938,4859,4903.651,17244,12382,7895.407,12829,15782,5558,6708,5952,10924.04,6616.822,1211,15628,6157,11604,2750.799,14185,9718,6112.424,6454.595,9427,2075.524,12855,5650,7627,7960,7834,7785.055,12971.15,7199,6333,2445,6480.662,7097,20992,5275.416,3870,12501.2,3252.846,5262.583,13809.07,17348,16660.45,5068.605,23339,18028,2373,6196,22975,4928.248,22024.42,15469,16817,2436.057,9953,5301.018,4822,12818,14915,5698.246,4682.451,5715,2190.137,8498.846,2618.275,9070.57,13202,18584,12932,12042,6478.916,3316.195,7958,1637.731,4809.148,22176,5029,9629,9673,2004.082,6694,6240,17885,18401,10850,10462,26568,6424,17995,6264,19980,6133.743,2175.09,4316,5722,457.4908,5746,3955.382,10801.62,1082.066,2962,7208,6591.608,7981,8108,10987,3687.889,1388.457
37270.8,71895,39959,40154,32188.99,23399,13886.14,26074.46,44794,18557,31620,41781,54095,34285.75,20354,48453.25,23208,20896.38,27331,25399.22,19883.22,9247,34953,32860,9591.897,15240,20822,19210,13614,24996,7548,15087,18361.79,42563,21001,63699.82,24313.26,30278,43961.85,34789.28,34007,30956,38597.33,48929,52428,186129.4,18256,113106.9,23074,12309,45662.97,42662,8639,24206.84,36320,219019,16363,39114.64,17759,56979,17779.47,57822,32262.09,30548,24572,75963,33457,22222.4,26701,11190,18191.6,25411,26400,19797,14050,25104,14887,8101,27471,59669,35622,46904,121786.5,13317,19020.03,15499,8583.555,21027,56942,15918,16147,219897.1,35373,85265,26094,22922,33971.42,29604,22809,41080,47922,35088,39273,37747,17576,26703,28789.24,36615.2,27676,34347,8272.091,19722,27689,11376,147144.2,42176.13,67127.89,40789.59,27881,11538,23122.16
21707,24692,13369,15689,17069,30811,13473,53757,39422,37297,155833,26254,32399,31547.86,48473,19083,34939,48598,25096,60383,97567,13376,89643,13306,187638,229784,18965,41321,190864,117438,7110,62550,66923,12170,46311,27320,28447,44506,18792,156426,33015,23104,120510,108532,234487,33321,88639,142195,100068,55560,15593,71800,99149,32602,71140,53404,165584,155840.9,29781.28,103475.5,51650.17,244068,35175.22,63418.38,108999.5,87730,39726.98,24960.66,31394.81,204424,48462,58470,271372,40235,22115,115160,52548.38,63367,91373,47371,67126.43,85611.46,155569,41356,120701,105552,48426.36,13367,76061.65,274609,34361.45,42202.84,29180.38,48292,49839.01,51597.62,54959,68369.17,51385,54677.13,63080.88,214602,232705,73131,31291,42836,27392.67,38006,123383,53623,60538,99456,215824,29088.46,16330,290644,179301,72683,235198,105142,31612
72875,109772,113515,66902,62604,70841,68927,120840,78643,99057,85591,98662,83233,93455,95215,96265,104871,73798,96430,65441,43978,47921,58369,53932,45357,41266,50223,39353,58986,57006,43111,46340,46280,53874,110596,71099,55975,77635,56117,58009,71237,100942,85673,52940,64385,81180,81427,77453,54518,30711,35113,29396,39787,66785,74375,93472,65342,101347,85336,97625,80290,94872,97176,120206,134288,123569,130538,58659,45988,60009,46203,60296,60959,43175,43946,37349,40531,30338,61192,91781,94289,99306,75162,31555,42370,40235,36490,1901.383,114120,75406,58643,71428,75969,97669,72491,59409,81637,89979,86430,107808,122636,92066,74913,108560,47549,67322,37316,31382,45420,49708,53751,56886,52269,53692,37198,70513,101791,102496,96838,26648,42508
281444,432542.1,378186,294211,266129,375108,257148,457196,455409,309496,593029,430162,445387,177761,417567,407717,466214,455320,460567,298450,375294,238937,414757,252923,377870,373960,291699,268926,356419,300491,108924,317510,305663,465203,412585,365133,320355,508141,370847,545735,372161,396923,538373,596187,533319,17867.98,544830,607474,354905,268737,276912,339041,267324,237520,308810,412265,364605,464135,265938,354920,364165,510818,394713,444579,415806,613527,482834,277341,300135,445883,215576,315802,423064,209320,277016,395078,250067,258646,435549,506651,387231,403001,547871,247616,264382.5,251275,255170,284137,436110,540333,247666,280013,294451,352791,270806,263488,321971,448664,414266,462856,438707,621317,621245,507085,256281,270632,269233,387480,416907,476853,233271,330868,328339,235345,330677,643804,505327,363064,557855,269346,239809
