pubchem_CID,IUPAC Name,1,2,3,4,5,6,7,8,9,10,11,12,13,14,15,16,17,18,19,20,21,22,23,24,25,26,27,28,29,30,31,32,33,34,35,36,37,38,39,40,41,42,43,44,45,46,47,48,49,50,51,52,53,54,55,56,57,58,59,60,61,62,63,64,65,66,67,68,69,70,71,72,73,74,75,76,77,78,79,80,81,82,83,84,85,86,87,88,89,90,91,92,93,94,95,96,97,98,99,100,101,102,103,104,105,106,107,108,109,110,111,112,113,114,115,116,117,118,119,120,121
17100,2-(4-methylcyclohex-3-en-1-yl)propan-2-ol ,25171.0,35426.0,34209.0,21397.0,214153.0,26195.0,35519.0,33562.0,30236.0,202042.0,431180.0,29238.09,106970.0,305375.0,237614.0,12626.54,42061.0,27835.0,19608.99,19490.28,14597.87,10803.11,30437.34,20547.8,86373.0,154821.0,19014.65,13882.79,18461.01,403456.0,8121.712,325870.1,17653.68,466459.0,76080.59,397372.0,206126.0,425199.0,24550.37,144897.0,18831.49,36871.0,300054.0,568744.0,679193.0,2868.444,306974.0,25128.89,380882.0,92716.0,25559.0,20315.15,114036.9,246242.0,469486.0,444527.0,233639.0,378752.0,220692.0,500044.0,52691.0,1010859.0,86177.0,407579.0,241869.0,1201489.0,171015.3,289336.9,348162.6,34915.0,22898.0,566554.0,1036059.0,311560.0,177738.0,498844.0,165079.0,41527.0,385117.0,567857.0,339967.0,690016.0,333985.0,227884.0,33063.0,164211.0,119400.0,329474.0,1164955.0,70388.0,170564.0,144907.0,407829.0,94436.0,300622.0,346261.0,290814.8,337226.0,57629.0,522441.0,434285.3,245283.0,614891.0,458823.0,194749.3,473113.0,254386.4,244790.0,317912.0,547618.0,63758.0,282731.0,317051.0,146581.0,314577.0,401592.0,609138.0,88728.0,389474.0,25748.0,61419.0
6429350,"1-[(1R,7R)-4-methylidene-7-propan-2-yl-1,2,3,3a,5,6,7,7a-octahydroinden-1-yl]ethanone  ",7408.786,10494.0,12477.32,15453.0,9553.717,8565.384,9487.618,13444.0,13670.0,13849.0,17507.82,10346.0,16189.0,8438.0,22258.79,13419.0,14966.0,19252.0,8804.0,11281.0,11819.0,9555.0,12563.5,11894.0,13206.0,17511.9,8106.0,8462.0,9834.596,17372.0,8921.497,6147.39,10409.84,6870.0,15771.63,6102.0,10005.0,6817.0,6615.0,14919.0,8293.0,8945.0,20005.0,17760.0,19044.29,20172.0,15264.0,20327.42,16711.0,10922.07,8881.243,11528.51,11818.0,11040.48,7268.941,17199.0,12631.0,13872.0,7884.0,8172.0,21932.72,16616.0,15974.0,18918.0,20490.65,16162.85,18520.0,9016.203,10775.0,17085.51,13606.99,6431.705,12147.0,6724.0,6209.0,9052.0,11993.0,10042.7,15923.0,11479.0,11624.39,17323.0,18740.0,9913.434,14934.0,15211.16,10024.0,13400.0,10770.0,22465.0,7861.0,16192.0,9622.308,9817.0,12082.87,13347.0,7624.0,16545.21,15824.0,18726.24,11136.14,18590.0,22577.0,11470.0,6113.0,4860.0,8746.811,12435.0,8841.0,9098.0,6254.0,6004.0,13155.0,5637.0,9060.0,18321.78,12467.64,10605.0,20896.0,15475.0,11807.0
16821,5-octyloxolan-2-one  ,14733.0,13814.0,16758.0,6268.0,7703.0,11520.0,5838.0,11079.0,12114.0,10435.0,15523.0,11795.0,9334.0,18101.0,7608.0,12010.0,9380.0,9224.0,8087.0,1853.588,2288.061,2919.0,2289.786,2290.279,3031.0,2127.728,2487.0,3351.607,2487.517,2642.03,3125.0,1658.98,2078.813,2437.396,5148.0,5434.0,5272.0,2522.0,2019.267,2520.127,17377.0,6104.0,2090.91,2648.281,5635.0,1624.227,3437.0,3673.0,1946.122,2162.025,1776.747,1418.007,2403.46,5996.0,5200.0,9477.0,10369.0,6770.0,8918.0,18290.0,11413.0,16455.0,12854.0,8622.0,8025.0,5298.0,7033.0,5248.0,2936.812,3202.551,2566.245,2183.943,2513.058,5346.0,2325.258,1850.987,1489.926,4635.279,2052.609,2706.0,2923.0,7525.0,2410.642,2053.102,3182.0,2588.421,1908.937,2021.558,11442.0,24331.0,5868.0,8156.0,12025.0,16821.0,6800.0,6396.0,7219.0,12584.0,17797.0,15685.0,9046.0,7875.0,18081.0,9894.112,1733.425,3122.0,2400.442,2084.555,2640.0,3479.0,7001.0,2677.368,2902.0,4049.0,2427.898,5869.0,3800.0,4527.0,8349.0,763.3093,2286.814
136569,"2,3,3-trimethylpenta-1,4-diene  ",19142.0,19610.0,29740.0,23105.0,44749.0,26945.0,23875.0,43728.0,40643.0,42665.0,65354.0,27494.0,24140.0,76560.0,46505.0,506098.0,147204.0,42305.0,22833.0,21287.0,18627.0,21298.0,28696.0,44998.0,17984.0,45602.0,28326.0,38112.0,14288.0,64042.0,19069.0,47497.0,17605.0,98568.0,20796.0,96623.0,36063.0,75339.0,35178.0,57633.0,15122.0,35572.0,72234.0,116342.0,146737.0,30556.84,46613.0,248262.0,60203.0,36462.0,22580.0,15203.0,28591.0,15613.0,51962.0,79346.0,39232.0,74171.0,44044.0,128017.0,23100.0,166661.0,33550.0,79478.0,64775.0,167837.0,28295.0,65142.0,76362.0,51347.0,35927.0,80707.0,82957.0,73454.0,51822.0,66196.0,51752.0,15999.0,79605.0,164629.0,142100.0,95113.0,90439.0,41028.0,17372.0,49452.0,21982.0,78531.0,128328.0,10710.0,42866.0,797706.0,70340.0,27825.0,74558.0,57226.0,64322.0,101016.0,33069.0,101522.0,101293.0,94679.0,134990.0,111175.0,47761.0,94910.0,68603.0,38763.0,108120.0,116549.0,9846.0,60477.0,90002.0,37877.0,53322.0,111686.0,98429.0,15369.0,64089.0,12191.0,13031.0
146102,"2,6-ditert-butyl-4-hydroxy-4-methylcyclohexa-2,5-dien-1-one  ",8074.558,9534.439,10044.05,8678.45,17280.0,8977.0,7383.869,9307.986,19480.0,9839.0,13753.0,11385.33,15865.0,48497.0,14553.0,15532.68,15950.0,9953.0,15981.0,7390.379,7491.0,8982.0,6813.0,7807.542,13107.0,8859.0,11137.0,8844.0,11489.0,7819.0,8915.0,7542.0,7889.0,13302.0,17714.0,15517.0,22100.0,8698.047,9859.0,10431.1,17351.0,14438.0,12510.94,12059.46,17538.0,12496.0,14029.0,10124.0,7486.0,9686.0,6430.534,7793.0,10193.0,4603.543,5731.0,14584.27,8501.885,7991.0,9583.454,19814.0,13650.0,14584.0,14034.0,9856.0,15328.85,9526.0,19186.0,9912.0,10736.0,11389.0,8733.0,7898.0,9211.0,25892.0,11328.64,8839.0,5133.389,9865.09,8970.602,11879.0,8702.057,24401.0,8809.899,9984.0,15740.0,8979.0,10269.68,10784.0,10380.0,22937.19,6447.487,7966.0,15601.0,10475.17,12075.0,7269.0,7127.357,11714.82,14866.0,12207.08,13968.0,11316.43,19129.0,15889.73,5686.425,13376.0,8387.0,7828.0,11485.0,10424.0,28651.0,8233.44,12896.0,19726.0,9628.0,35441.0,17346.0,14788.0,22372.0,6331.0,10873.0
29996,N-propylhexan-1-amine  ,148237.0,151944.0,244725.0,144601.0,110868.0,118199.0,111010.0,189230.0,185884.5,189689.7,204868.0,170920.0,204041.0,124020.0,212308.0,166386.0,225522.0,179261.0,104342.3,88774.0,104727.0,99910.0,107256.0,116257.0,118276.0,101650.0,95858.0,86455.0,115779.0,160884.0,122868.0,75419.0,137113.0,100118.0,151595.0,137334.0,139429.0,138168.0,124021.0,133699.0,145945.0,169818.0,170611.0,148100.0,166393.0,231830.0,135570.0,284693.0,128509.0,85341.0,71401.0,84559.0,103058.8,135279.0,126288.0,223682.0,149651.0,126643.0,132614.0,158202.0,185257.0,222822.0,182517.0,176614.0,252460.0,173963.0,221847.0,106083.0,99610.0,153313.0,103381.0,89127.0,120406.0,109335.0,66016.0,82301.0,100447.0,99455.0,167714.9,163189.0,126893.0,188694.0,185713.0,114408.0,96188.0,129371.0,91601.0,260064.0,236610.0,170279.0,131113.0,208778.0,140690.0,69666.0,144054.0,158617.0,98501.0,201272.0,117251.0,208115.0,208169.0,229790.0,197652.0,176921.0,77732.0,113895.0,89578.0,86105.0,78775.0,99992.0,79421.0,81173.0,114769.0,20194.47,81365.0,166280.0,132731.0,193001.0,180329.0,83793.0,88761.0
7720,2-ethylhexan-1-ol  ,623054.0,1049345.0,881756.0,895901.0,638956.0,911734.0,489266.0,548009.0,1312278.0,416394.0,1031269.0,1694665.0,1262815.0,691424.0,642068.0,721124.0,712443.0,498110.0,1321583.0,435619.0,409548.0,302004.0,689718.0,9932.873,277201.0,1155610.0,826439.0,776611.0,894328.0,1098997.0,185943.0,667630.0,520883.0,2330514.0,813201.0,1119604.0,498611.0,1195430.0,1055935.0,527168.0,846673.0,999048.0,1144074.0,1653592.0,1462699.0,2303.282,566102.0,1222567.0,843489.0,438326.0,880832.0,1257111.0,366220.0,714519.2,1238011.0,1518045.0,481644.0,877749.0,479238.0,1914251.0,567260.0,1988090.0,1238655.0,898000.0,5503.919,2120394.0,1122630.0,784391.0,1615405.0,642637.0,335635.0,860498.0,744859.0,969608.0,487795.0,1412398.0,448870.0,398079.0,1354479.0,2101274.0,740957.0,1470946.0,1290421.0,499750.0,469609.0,539595.0,421170.0,1323730.0,1816368.0,967064.0,607379.0,651647.0,782037.0,1230122.0,828481.0,746313.0,829090.0,1366970.0,571969.0,1696705.0,999484.0,1023323.0,2299394.0,1478810.0,755132.0,771796.0,722247.0,607234.0,1973670.0,1509207.0,377930.0,860428.0,745634.0,314776.0,736928.0,1053508.0,1183646.0,696256.0,858795.0,436068.0,668131.0
13596727,2-but-3-enoxycarbonylbenzoic acid  ,8061.0,12293.0,16244.1,8661.515,8965.0,12722.0,6899.33,11760.0,11863.0,10990.0,56760.0,11579.0,12283.0,13736.3,15147.0,10731.0,13258.0,58388.0,10686.0,6853.0,24544.0,26291.0,26790.0,22130.0,23203.0,24912.55,6851.0,5386.0,5052.0,28637.0,35508.0,7188.0,24253.0,8233.0,10340.0,13017.0,10133.0,7605.0,6275.0,40814.34,9700.0,12945.0,57188.0,37402.0,51381.38,38580.0,38547.0,54389.0,30448.0,30381.0,22425.0,21441.0,24586.0,10007.3,8849.54,14206.0,13530.77,17662.0,12531.31,12133.0,11522.0,13718.0,10505.0,14056.0,21024.0,12860.0,16084.0,9867.0,22728.0,28397.0,5554.0,6274.0,6505.561,7480.0,7919.0,4848.0,24134.0,24507.0,35899.0,16209.0,11332.0,54113.0,46903.0,24141.0,21247.0,29871.0,22420.0,4351.724,11426.0,12444.0,6957.0,10760.0,14511.0,12665.0,13815.0,33498.0,9186.0,12438.0,13978.0,13072.0,15842.0,64972.0,52065.23,12126.0,7510.0,5178.0,23373.0,22956.0,5148.0,7458.0,4724.943,6063.0,5728.0,7838.0,21026.91,42448.0,11180.2,10009.29,46150.0,17450.0,23944.0
551986,"2-[(2,4,4,6,6,8,8-heptamethyl-1,3,5,7,2,4,6,8-tetraoxatetrasilocan-2-yl)oxy]-2,4,4,6,6,8,8,10,10-nonamethyl-1,3,5,7,9,2,4,6,8,10-pentaoxapentasilecane  ",6892.533,15218.0,10824.05,9415.0,5740.0,10520.0,9773.209,12605.0,15045.0,11739.0,10742.67,14935.65,9678.0,13704.23,8280.661,7289.627,7460.0,11975.0,20164.0,4771.76,5766.0,7559.479,11842.29,8381.0,9463.0,11070.21,7152.0,4161.0,5779.0,8195.0,10163.0,5572.0,5003.585,5549.144,40590.0,20585.0,4292.45,14132.0,9783.0,7663.0,10652.0,15727.0,15622.29,12383.0,9406.0,8773.0,6723.0,11369.0,9074.0,5387.0,9206.0,5725.0,8352.273,5666.0,6074.0,10485.0,6301.967,13112.66,9647.493,32887.0,7168.0,7193.03,6822.226,7939.0,13281.0,10272.53,5741.779,5195.0,6114.152,6797.0,10511.0,7718.0,4530.394,4119.0,5823.0,6597.0,5786.0,5372.0,12221.86,9844.0,30005.0,10236.0,10475.0,5741.0,7320.0,8096.0,8056.262,3020.903,5417.0,14366.0,4522.818,12727.23,13360.0,19414.0,10978.79,9929.532,22354.23,6145.193,14628.0,12102.65,10413.0,18851.55,16784.0,9991.33,5346.0,8608.082,6022.453,5742.0,4941.0,4347.0,6616.0,10584.0,4032.0,5816.0,4531.707,12447.0,9224.0,14456.0,14739.0,6474.0,6453.0
23284,"[2,2,4-trimethyl-3-(2-methylpropanoyloxy)pentyl] 2-methylpropanoate  ",111573.0,260944.0,258261.0,249730.0,181964.0,193911.0,139529.0,290363.0,208200.0,140310.0,164319.0,144522.0,272429.0,161052.0,461411.5,201342.0,233660.0,306294.0,157402.0,113502.0,107130.0,123314.0,167620.0,120170.0,112823.0,207108.0,145008.0,107786.0,139495.0,62491.0,102587.0,82529.0,85433.0,98680.0,161060.0,176570.0,259086.0,423354.0,156357.0,206208.0,177175.0,205038.0,813238.0,229699.0,141298.0,266562.0,121222.0,199222.0,102755.0,169659.0,156673.0,76555.0,129357.0,93765.0,70908.0,355303.0,132534.0,251388.0,149909.0,201121.0,116929.0,104849.0,192947.0,243393.0,283373.0,159255.0,190614.0,117935.0,71746.0,104232.0,105997.0,100139.0,143758.0,131682.0,125429.0,61179.0,126872.0,109877.0,126491.0,314189.0,257466.0,89451.0,174334.0,480878.0,111856.0,146970.0,285902.0,82283.0,107236.0,125620.0,89915.0,79419.0,238813.0,177942.0,220885.0,104386.0,134664.0,216007.0,181231.0,296460.0,243247.0,220165.0,101184.0,172726.0,130744.0,37746.0,133912.0,114088.0,72431.0,128346.0,76419.0,88930.0,121649.0,175577.0,147055.0,272172.0,263466.0,144348.0,196443.0,66035.0,68384.0
520958,"1-(2,4-dimethylphenyl)-2,4-dimethylbenzene  ",9590.0,13902.0,11192.0,5678.0,8574.0,10886.0,6843.0,10198.0,12076.0,31896.0,4301.0,17388.0,10584.0,10319.0,15687.0,11243.0,16734.0,4864.0,7010.59,7456.0,1417.144,3489.0,2755.853,3032.397,5552.603,1840.878,6203.0,6149.0,4414.0,2481.954,2305.954,2524.585,1129.832,3969.0,13363.0,10637.0,7605.986,2913.601,7060.0,3613.825,8839.0,17566.0,1888.394,2069.586,2367.403,3221.765,3219.006,3062.283,1805.143,1151.709,3160.0,1228.988,1483.995,5091.0,8418.043,9205.0,5163.0,10347.0,7377.0,12634.72,15422.0,24498.0,9520.0,25617.0,26291.0,8346.0,20051.84,7912.0,3541.209,3710.0,3561.0,5648.215,3247.0,9403.0,2620.121,3246.0,1832.554,3895.0,4662.0,13234.19,8102.0,2683.446,2967.191,1876.034,1372.954,2338.0,2152.278,6119.0,12383.0,9339.0,8449.0,8397.0,6942.0,44692.0,8361.0,3682.283,6835.0,8642.0,9321.0,9293.0,11486.63,3240.0,2856.718,12458.38,3229.0,7973.0,4360.034,3243.0,4535.0,3649.0,4296.0,4676.908,8460.0,3754.319,1177.219,2193.411,4284.51,7188.377,2744.816,924.6961,3328.0
6041429,"E)-3-(2,4-dimethoxyphenyl)-1-(2-hydroxyphenyl)prop-2-en-1-one  ",49178.0,32800.0,84792.0,10447.0,185993.0,13801.0,77433.0,113273.0,112678.2,97774.78,316114.0,106816.0,112192.0,71074.0,13094.0,85380.0,117815.0,78685.0,18723.0,264348.0,209476.0,58646.33,247826.0,64205.0,328447.0,444097.0,9880.0,159038.0,404149.0,307746.0,50158.0,224454.0,160295.0,86931.0,707338.0,433223.0,85606.0,216977.0,137679.6,268781.0,106963.3,106107.0,297720.0,266031.0,418377.0,86015.0,198190.0,306230.0,220174.0,165510.0,62552.0,174129.0,218540.0,24386.0,32414.0,42337.0,539631.0,98890.0,70558.0,89525.0,83231.0,762568.0,92114.0,19247.0,133240.0,769824.0,125222.3,9552.0,53999.0,360479.0,74725.0,82129.0,816320.0,69858.0,242951.0,212861.0,43383.0,39034.21,79222.0,490742.0,170359.0,76285.0,303339.0,56433.0,270896.0,256088.0,50267.0,161457.0,40898.72,829594.0,45755.0,36991.1,32638.0,431780.0,12188.0,62373.0,100305.0,93952.0,89514.0,94901.0,95024.0,274197.6,469446.0,105795.0,67126.0,84957.0,56501.0,231905.0,273445.0,29419.0,65461.0,229290.0,652064.0,55418.0,114489.0,435894.0,365358.0,81447.0,283817.0,199554.0,56803.0
91742720,bis[[(3-ethylphenoxy)-dimethylsilyl]oxy]-dimethylsilane  ,41587.0,39050.0,59843.88,22535.0,12794.0,20304.0,15580.17,77180.0,22538.0,15174.0,30528.0,18903.0,19463.0,16955.43,30895.0,16536.0,24966.59,28764.3,18600.0,22929.0,11470.0,14368.0,39468.0,20075.99,8675.0,9496.0,17530.0,12306.27,11189.0,17000.0,11465.0,13335.0,12200.0,25285.07,25435.0,23157.04,22258.0,13577.95,17718.0,20136.0,16229.04,63688.0,21118.0,17357.07,23209.0,20529.0,12204.0,17992.46,20750.61,10772.0,14632.0,7689.952,8962.0,12783.89,29285.0,38871.0,22453.0,27646.0,17768.0,21976.0,13941.0,26640.0,21637.95,41876.0,47218.37,88927.99,42377.51,13496.58,10247.0,11695.0,10117.0,13654.0,14610.0,13361.0,8689.125,11344.0,12129.0,7712.0,11227.0,39751.59,27065.66,40324.0,30686.0,10173.0,8928.0,15178.0,9858.0,11149.0,50428.07,14788.93,16340.74,17667.0,27531.74,21638.0,18787.64,14007.6,17062.96,20836.0,17595.0,21076.44,45046.0,30726.0,12842.0,18191.0,18862.0,14429.0,12713.0,13036.0,9938.0,11706.73,8152.0,15266.0,14104.0,16024.0,14096.0,23086.0,32266.0,21885.43,30168.0,7434.0,11964.0
5370325,bis(2-ethylhexyl) (E)-but-2-enedioate  ,6839.0,7771.0,13520.0,11528.0,5423.0,14472.0,6320.0,12674.0,10773.0,10035.0,1046.057,9977.0,11958.0,14662.0,9796.0,7547.0,9862.0,2406.342,8531.0,6621.0,1022.801,1089.605,1296.105,1272.925,1226.14,1683.738,4662.0,4603.0,5307.0,2342.361,1260.177,8061.0,1311.695,7376.0,9942.0,10375.0,5315.0,9382.0,7382.0,1487.069,14421.0,19635.0,2389.596,2249.289,1740.532,953.1437,1174.105,2338.961,1788.096,1107.282,783.784,1009.996,1139.273,7028.0,6802.0,11344.0,13540.0,10850.63,8983.0,13455.0,9101.0,15732.0,8990.0,9543.0,12960.0,9309.0,11928.0,5506.933,933.1613,2908.014,5646.0,4596.0,3958.0,4500.0,6601.0,4234.0,1128.009,564.7924,1811.582,7605.0,11840.0,1313.588,2566.175,1246.802,818.6775,1736.996,783.2444,3172.0,14756.0,10372.0,5223.0,13617.0,10367.0,9106.0,8586.0,916.2101,8441.0,9401.0,14941.0,14446.0,13823.0,1657.937,1237.878,8005.0,4675.0,4502.0,1348.567,1739.793,4121.742,5431.0,3997.0,15070.0,4717.0,5079.0,1058.764,2131.84,9011.0,9842.0,1703.446,1242.982,727.2068
574439,2-(hydroxymethyl)-2-methylpyrrolidine-1-carbaldehyde  ,5198580.0,7674692.0,6061089.0,5840030.0,6259983.0,6282203.0,3207118.0,6458989.0,6102384.0,6092446.0,7406651.0,6183698.0,7395881.0,1695600.0,7042804.0,7504285.0,4428128.0,7720883.0,7589670.0,3521039.0,4597252.0,3094174.0,5797646.0,7743.0,4947580.0,4197729.0,4520530.0,4621744.0,3960073.0,3391541.0,1069519.0,4446438.0,4495907.0,7795316.0,6002144.0,4999225.0,5590889.0,5427406.0,5996811.0,7348882.0,5728891.0,6630462.0,7092315.0,7709896.0,5930460.0,1006.512,6667004.0,6366303.0,4000216.0,5141087.0,4927367.0,5006871.0,4831582.0,31878.0,355205.6,41115.0,1080428.0,6489854.0,7754310.0,5292649.0,5820796.0,5853170.0,6617614.0,7643716.0,21565.34,6932096.0,7474614.0,5071192.0,5116799.0,4843656.0,3832936.0,4724953.0,4024204.0,2544448.0,2394275.0,3925942.0,4226913.0,3158955.0,7083277.0,7430250.0,6415096.0,6351712.0,6382022.0,4514975.0,4107870.0,3352310.0,4680716.0,7122479.0,2802483.0,33697.52,5701544.0,5795602.0,877339.4,6661640.0,6092866.0,4765582.0,5635349.0,6957393.0,6609110.0,7399910.0,7038539.0,7752026.0,8313235.0,7220152.0,4646813.0,4227678.0,5234313.0,4005050.0,5070394.0,4683739.0,3605500.0,4992469.0,4652113.0,3872543.0,4565241.0,5432967.0,8083213.0,6000367.0,5395913.0,3385833.0,4784789.0
567717,2-benzyl-1-morpholin-4-yl-3-phenylpropan-2-ol  ,17570.0,67718.0,58321.0,11378.0,2337.679,9372.0,5730.0,14981.0,3761.0,16858.0,12194.0,40293.0,6016.0,18741.0,17917.0,11738.0,5695.533,11023.0,11840.0,1774.633,5576.0,2153.586,7127.0,2744.0,830.668,35217.0,1934.022,6932.0,765.4455,13843.0,5534.0,3516.0,4267.0,3827.0,1211.115,4778.0,4580.0,5398.0,2624.0,4394.0,4738.0,4370.0,2041.049,2963.152,1147.091,1901.165,2649.0,9026.0,901.1322,1677.781,5720.0,766.8845,917.4142,29622.0,15970.0,18800.0,15907.0,24903.89,25462.0,6628.0,4665.0,38741.0,8821.0,29221.0,7783.0,16563.0,1705.862,4597.0,2287.741,3652.0,8014.0,11020.65,1861.953,6218.0,3613.0,1308.029,6142.0,1801.666,5705.0,5256.7,14413.0,7724.0,4204.0,1126.045,2886.0,3172.0,825.2626,1750.349,39012.0,15791.0,9758.0,16922.0,3275.0,19643.0,5581.0,22445.0,31665.0,12489.0,14710.0,44578.0,6415.0,23393.0,7585.0,12859.0,5326.0,1449.434,3290.0,1950.587,435.3537,2827.0,5041.0,4617.0,535.405,3611.0,2108.912,6832.0,3666.0,2220.112,6481.0,858.5648,596.5123
5370158,"(E)-3-(2,2,6-trimethyl-7-oxabicyclo[4.1.0]heptan-1-yl)prop-2-enal  ",9651.0,14109.0,20204.0,8947.0,7671.0,8486.0,9158.0,109183.0,5614.0,6296.241,97155.0,8659.0,7096.5,4024.0,8827.0,6191.0,6974.263,107888.0,4404.0,13041.0,32199.0,55564.0,57288.0,58907.0,20955.0,44548.0,4388.0,2885.0,8384.0,65494.1,32868.0,2817.0,48818.0,2306.62,7450.0,4954.0,4060.0,7854.0,4586.0,59662.0,7877.0,12142.0,53528.0,31664.0,54172.0,142892.3,33050.0,61588.0,41750.0,28736.81,34145.0,53810.0,45158.0,13660.0,10325.0,14683.0,7855.0,9718.0,9795.0,7622.0,6826.0,8708.933,9762.0,8753.11,29118.0,10748.0,14461.0,4319.0,23844.0,51114.0,5179.0,4805.0,5940.0,3462.0,2599.0,2597.0,46372.0,24654.0,52606.0,7819.0,10063.0,62589.0,109320.0,16979.0,17383.0,37606.0,22029.0,2441.361,10123.0,7249.0,11834.77,8607.0,8264.0,12903.0,8417.559,36659.0,11872.0,10912.0,8764.0,18389.0,25059.0,48114.0,36040.0,8390.0,3789.0,6052.0,29245.0,27264.0,3417.545,3999.0,3081.0,5715.0,7876.0,4524.0,29396.0,60908.0,19535.0,7734.0,65399.0,15262.0,34692.0
21630,2-ethylhexyl 3-(4-methoxyphenyl)prop-2-enoate  ,2232.034,2888.637,3361.0,799.8196,1172.607,1104.57,39699.0,68715.0,5448.0,3695.0,4262.0,6049.0,3457.0,2824.0,6361.0,10226.0,100058.0,2883.0,6389.0,1307.682,2229.469,3974.0,2352.618,1739.882,1688.816,2428.814,10463.0,11975.0,6228.0,14138.0,11457.0,2419.843,2318.492,2570.117,2626.0,4061.0,3166.725,2623.0,2008.801,4956.0,3587.0,8004.0,1016.191,974.0337,1308.157,7807.063852,827.164,1888.317,2157.559,2870.0,3329.0,5786.0,5862.972,99657.0,58074.0,3780.0,10565.0,3278.0,1332.712,249687.9,379389.0,79737.0,46004.0,6537.0,3189.0,2584.895,2661.0,8038.0,1283.433,1540.686,1444.762,8005.0,7571.0,2873.0,3697.0,2498.984,1377.548,2903.0,9798.0,2428.068,3407.0,3243.46,2050.944,4979.0,1979.885,1528.372,5667.0,19280.0,69299.0,124673.0,1603.927,1431.686,1510.425,1248.669,919.1467,1529.945,37619.0,3829.0,5765.0,5045.0,11579.0,6628.0,22402.0,25650.0,1291.656,5079.0,1505.007,10841.0,27026.0,16220.0,6165.0,21182.0,6551.0,1333.568,1648.434,4287.0,4091.0,2835.0,1528.652,1159.016,8145.0
137353,"3-ethyl-3-[4-(hydroxyamino)phenyl]piperidine-2,6-dione  ",11811.0,3269.023,4312.0,4332.0,9049.0,6023.0,1951.709,4465.275,13774.0,2049.438,6626.0,6147.0,5184.0,5142.773,7648.0,19288.0,8566.0,4549.0,14450.0,1375.62,3208.0,4594.0,2775.854,1322.63,5589.0,2328.306,4572.0,5900.0,3145.0,1467.952,1338.275,538.2292,2059.88,3203.77,6734.0,9198.0,36202.0,823.6602,345.8965,2542.452,5904.0,7815.0,614.4124,3542.627,7267.0,27.96803,3601.0,2472.358,2181.219,2200.89,1335.744,1724.107,2508.388,1478.566,2967.0,11112.0,1994.835,1931.537,12579.0,12971.0,8104.0,7371.0,6756.0,2505.616,3147.0,1490.124,13236.0,26016.0,3421.0,3016.0,2368.937,1174.921,3709.0,38355.0,3997.0,2291.023,8912.776134,9148.0,8912.776134,22.36682,1475.002,80459.0,521.7326,2065.731,20405.0,3691.181,3204.0,1137.04,37122.09,5306.0,4880.0,17832.0,6517.0,8906.0,10600.0,4227.949,5278.0,7869.0,7448.0,10605.0,11192.0,5499.0,5515.0,8847.834,3723.0,9916.0,3768.754,4307.0,5830.0,8467.0,3155.928,6588.0,8432.0,3490.0,3986.0,9280.0,11369.0,6584.0,9009.0,4482.816,7581.0
558880,"(5-oxooxolan-2-yl)methyl 3,5-dinitrobenzoate  ",12919.82,4400.186,9799.0,16626.0,6507.0,18523.0,8777.0,13918.68,12766.0,26098.0,37069.0,9933.842,9685.0,9855.0,6890.742,22314.0,56934.0,15107.0,40122.0,2719.356,2452.062,4225.0,5532.0,5601.0,5111.0,3742.0,10363.0,13145.0,1454.477,273.3806,7437.0,8189.0,458.3836,2105.855,5205.896,11503.0,44950.0,2790.0,5848.0,5242.0,38551.0,7241.234,10425.0,2384.546,34660.0,5410.0,37503.0,7242.0,96.29506,4792.0,2947.906,987.3841,1648.663,4803.291,3862.388,11404.0,26277.0,17720.0,7972.0,17548.0,9962.991,5954.656,15634.0,23438.0,5154.942,2414.905,10078.92,19909.0,3985.0,2440.679,8806.0,4954.325,14827.0,12670.0,6324.0,1475.703,4690.0,11728.0,5176.0,9861.0,5335.22,4074.016,4446.0,7288.0,2598.0,3906.0,8673.0,8276.0,5488.001,23075.0,4211.416,3504.724,30008.0,21753.0,9127.0,4217.0,14799.0,27047.0,33857.0,18580.0,59609.0,24939.0,3738.0,11694.0,22392.0,3255.21,9599.0,3412.0,2069.144,4044.0,4296.294,10087.0,2417.714,5067.0,14925.0,19115.0,2676.757,7486.037,12921.0,5309.0,3795.0
73219,"3,5-ditert-butyl-4-hydroxybenzaldehyde  ",33519.0,47186.0,28128.0,77844.0,16308.0,15127.0,8983.0,29955.0,11495.0,5907.0,3041.171,7379.0,15368.0,4813.281,45845.0,9132.466,12801.0,37574.0,7602.0,14387.0,8178.0,8081.0,19930.0,5803.0,9308.0,3029.0,1006.563,5030.0,14713.0,57056.0,6842.0,1824.088,11354.64,2532.0,11287.0,2415.154,6280.0,3858.0,5497.0,14677.0,8043.0,21874.04,7447.811,13415.0,2097.07,25495.0,7611.0,12553.0,26895.0,6994.0,15134.0,4896.0,11998.0,11512.0,14428.0,36693.0,19388.0,5052.0,14651.88,9123.0,13250.0,3727.563,7352.0,14655.0,90006.42,13453.0,31122.0,2819.672,7017.0,17938.0,9025.0,7169.0,6547.0,3538.0,2328.334,1857.297,6684.0,3901.0,5135.0,10469.0,13432.0,11165.0,11764.0,6551.0,4145.0,18063.0,6148.0,5645.0,9947.0,13238.0,9262.0,19845.06,17969.0,5247.0,22266.0,5015.0,14012.0,23368.0,8667.0,33323.0,17584.0,12302.0,10597.0,19120.0,3336.128,2471.84,5895.0,9799.0,6152.0,4009.0,4051.0,4591.0,5685.0,5054.0,6094.931,8374.0,23624.63,16820.0,14044.0,7731.0,8326.0
141033,"3,6,6-trimethylcyclohex-2-en-1-one  ",26240.99,32775.0,50640.21,25882.0,15814.0,24067.0,20777.0,64656.12,32850.0,14475.0,16574.0,28082.0,36055.0,13392.0,34689.0,15085.0,26462.0,51472.0,18749.0,27580.09,24043.0,15038.0,23520.0,22603.0,9553.0,8177.0,26361.65,10880.0,17670.0,5009.0,7800.0,12347.0,26006.0,10450.0,13130.0,30818.0,19186.0,13373.0,18766.0,22702.0,23216.0,37093.08,13874.0,14601.0,16636.0,4694.071,8866.0,26423.0,5540.0,9037.0,20797.0,14450.0,13092.0,12527.0,16442.0,60568.0,15173.0,33742.0,18441.0,27196.0,9756.0,20452.89,31040.0,52309.0,20272.0,31706.7,23656.0,16442.0,7023.0,8898.0,4809.0,11527.0,19764.0,10000.0,11770.0,4136.0,11497.0,11940.0,19083.0,48479.0,28130.0,46954.0,44670.0,8684.0,7537.0,23621.0,4896.0,11276.0,26351.98,18320.0,21623.0,13700.61,33544.0,26291.0,30189.0,11573.0,16232.0,25383.0,16116.0,30906.0,42436.89,95524.0,13885.0,21741.0,11328.0,5533.039,23014.0,7853.0,10481.0,17664.0,6508.0,18274.0,19792.0,10418.0,9777.0,41555.0,31282.0,17677.0,20183.0,10508.0,7420.0
91731726,(4-trimethylsilyloxybenzoyl) 4-trimethylsilyloxybenzoate  ,114490.9,106667.0,87147.62,105337.5,201136.0,143917.0,105629.0,90116.0,197533.0,74245.81,147663.9,107057.9,173351.0,487811.0,131226.0,148454.7,192764.0,118855.0,159947.0,74293.0,62599.0,90157.0,56021.16,2332.501,108391.8,53541.0,107475.7,74561.0,156027.7,84399.0,61004.0,56606.0,76648.0,144066.3,132708.5,104620.0,308210.0,88902.73,103960.9,106243.7,150011.9,123383.0,103850.0,138218.0,140992.0,583.2982,143645.0,72214.0,86457.62,83213.0,55886.15,83271.03,87204.0,4880.442,75656.0,97806.25,115783.0,73000.0,104967.0,196430.0,150287.0,239671.0,151197.0,103296.0,3657.023,95691.0,186859.0,89563.0,125145.0,98797.0,55428.0,70345.0,98631.0,308173.0,103994.0,90069.0,46886.0,66620.0,79434.0,104836.0,68147.0,285291.0,90922.0,92856.0,162647.0,64302.0,84793.0,62524.0,153457.0,207885.0,82077.0,85991.0,190899.0,149185.0,152040.0,67791.0,59486.0,142171.0,130496.0,145409.0,163741.0,91726.0,177861.0,144183.0,82363.0,169966.0,84395.0,72373.0,128332.0,100810.0,313038.0,66741.0,110294.0,231172.0,69315.0,413475.0,172531.0,133600.0,258573.0,73436.0,100036.0
575987,5H-cyclopenta[b]pyridine  ,76688.0,113125.0,165791.0,270198.0,37209.0,1140179.0,382841.0,100952.0,1315293.0,1407083.0,258642.0,375165.0,2238.305,14561.0,186416.0,53186.0,2893.707,4235.672,385247.0,152201.0,274863.0,739616.0,58696.0,101079.0,75751.0,233226.0,1657.269,81398.0,66274.0,238565.0,49159.0,695811.0,38093.0,612970.0,516965.0,1854095.0,914.785,1849882.0,24753.0,60969.0,5043127.0,458192.0,127234.0,8477.0,8593.508,26778.92,1010190.0,150332.0,100528.0,116646.0,155251.0,242927.8,253191.0,704386.0,260239.0,572654.0,1137426.0,9175372.0,110623.0,6438842.0,165008.0,117982.0,361885.0,406676.0,129983.0,160308.7,394228.0,177396.0,45834.0,391775.0,425983.0,621662.0,399137.0,217362.0,220844.0,2881.212,93932.0,2238.625,501039.0,271641.0,2978395.0,233116.0,773907.0,433074.0,785066.0,1238661.0,135.9717,157551.0,496072.0,368285.0,659660.0,43946.36,176007.0,13086.0,2359741.0,38599.0,1192004.0,21835.0,798115.0,183567.0,201236.0,1552724.0,80957.0,1688159.0,494.6923,614.2554,112875.0,19453.0,167820.0,229072.2,572008.0,219704.0,123970.0,70051.0,1070.462,1781867.0,1524.753,2332.448,810220.0,328939.0,377552.0
7410,1-phenylethanone  ,270493.1,457904.0,469350.0,477633.0,371541.0,416492.0,394663.0,287576.0,781447.0,219370.0,691871.0,864819.0,788955.0,452944.0,391287.0,386539.0,393644.0,244493.0,744747.0,195698.0,189480.0,158580.6,287065.0,236382.8,102061.8,700029.0,473050.0,422194.0,407471.0,563743.0,103322.0,314275.0,290309.0,938074.0,385571.0,785287.0,223532.7,657840.0,467372.0,215896.0,404473.0,451235.0,725993.0,1013537.0,648329.0,701.1515,206304.0,620455.0,404561.0,231286.0,523774.0,679956.0,197145.0,336265.0,506391.0,829493.0,247770.0,608236.0,293402.0,925267.0,589239.0,1184005.0,1097132.0,705480.0,400238.6,960358.0,690023.0,503196.0,1028732.0,352978.0,168822.0,539829.0,371824.4,674480.0,259363.0,504946.0,269722.0,250017.0,922682.0,759550.0,492297.0,725973.0,798670.0,398356.0,232218.0,330683.0,198264.0,767353.0,1077318.0,433464.0,356219.0,557637.0,491855.0,1015753.0,523991.0,616347.0,611065.0,819388.0,572592.0,1085280.0,622689.0,549197.0,1603935.0,894461.0,541331.0,433284.0,520657.0,357864.0,1204250.0,953267.0,211296.0,485977.0,403536.0,208979.0,381025.0,634061.0,604308.0,413397.0,347425.2,283274.0,562741.0
91713521,1-O-butyl 6-O-propan-2-yl hexanedioate  ,7372.978,6037.228,7282.927,5041.0,10133.0,149599.0,7255.0,32495.92,10277.0,14485.0,29324.0,5118.093,5297.0,13676.0,8842.735,9398.0,19350.0,18512.0,4668.696,6355.0,12553.0,7401.0,14164.0,7807.198,11415.77,10169.0,6950.0,6814.0,2000.988,7133.0,8928.0,3264.0,4483.0,3708.0,14807.44,10479.0,7319.0,8726.0,4132.0,24750.0,3913.909,25348.0,20130.0,21586.0,10936.0,7190.0,15804.0,18697.0,5242.0,18773.0,6870.0,35826.0,13095.0,22235.0,10608.0,6241.62,38327.0,29115.0,17140.0,10342.0,10387.0,6077.39,10507.0,19590.0,7191.0,15254.13,13206.84,13472.0,7818.0,7674.0,9948.0,6007.771,191777.0,13074.0,6239.0,1727.939,10300.0,6244.0,17367.0,25022.0,22303.24,10180.0,8932.0,8668.0,29891.0,27320.0,8768.0,14135.0,6823.0,2707.0,4987.0,11097.0,26098.0,14673.0,7236.0,18509.0,7076.303,11078.0,26800.0,199828.0,31211.0,31344.0,14119.0,8353.0,9694.0,2828.304,22988.0,8209.0,4349.0,16012.0,12302.0,7246.0,11681.0,5989.0,19794.0,38259.0,29150.0,5458.0,12007.0,6100.0,16654.0
1303,2-hydroxy-2-phenylpropanoic acid  ,510230.0,742059.0,1447991.0,825122.0,227185.8,474362.0,214170.8,1565351.0,579830.0,37277.0,164834.0,556722.0,607858.0,86295.0,119365.0,479055.8,439923.0,1279317.0,535358.0,1072753.0,1397398.0,164602.6,528345.0,215114.0,54051.0,173045.0,351841.0,217189.0,518607.0,439861.0,231788.0,107505.0,759021.0,620557.0,535191.0,68202.0,60618.0,439045.0,367260.0,61903.0,661040.0,1284964.0,447680.0,668666.0,47695.0,401016.7,54221.0,530081.0,305332.0,133033.0,567502.0,475874.0,52932.0,164707.0,909276.0,475450.0,539572.6,511883.0,549776.0,437476.5,293560.3,1221188.0,381992.5,493739.0,692281.0,776479.0,994063.0,646276.0,456966.0,377197.5,169908.0,178225.0,906401.0,775218.0,229049.0,255255.2,243113.4,335843.0,287491.0,332498.0,480730.0,366356.0,1121120.0,65738.86,309557.0,164419.0,99377.0,555303.0,3023999.0,510411.0,460028.0,181623.0,154703.0,409263.0,772716.1,311794.0,359652.0,389411.6,378953.0,479770.6,324261.6,171838.0,664602.0,887726.0,170951.4,588326.0,322373.0,184350.0,683324.0,613159.0,144409.7,349406.2,987046.0,157847.0,286389.0,181597.0,357513.0,484211.0,527230.3,315832.0,370788.0
9231,azulene ,32939.0,36460.0,37787.0,34470.0,65701.0,41378.0,38083.0,54658.0,40318.0,38578.0,54059.0,46032.0,46155.0,28395.0,50329.0,38814.0,42084.0,42337.0,36667.0,30278.0,30599.0,25038.0,27440.0,23733.0,22817.0,52750.0,27056.0,25780.0,37687.0,50075.0,16094.0,22054.0,25643.0,47420.18,39545.0,37783.0,28482.0,55982.0,33322.0,37570.0,36124.0,43793.54,81075.0,92326.0,78348.0,1419.752,29149.0,39278.0,37394.0,40192.0,33200.0,27929.0,23626.0,45744.0,76360.0,118282.0,115627.0,127003.0,90930.0,82358.0,39059.0,36281.0,35415.0,125845.0,173802.0,40608.0,40073.0,80864.0,71295.0,24921.0,22438.0,65536.0,121321.0,88326.0,53534.0,13146.0,72878.0,39743.0,104878.0,118730.0,103379.0,31529.0,128202.0,55550.0,29342.0,68114.0,44560.0,91429.0,40547.28,58321.0,68536.0,40488.0,83379.0,40091.0,85596.0,96125.0,77644.0,71368.0,34086.0,118708.0,98954.0,100603.0,119661.0,135693.0,60846.0,75917.0,72041.0,59182.0,69124.0,87129.0,33798.0,70421.0,109307.0,54834.0,67979.0,96891.0,116027.0,46039.0,88274.0,22688.0,24594.0
240,benzaldehyde  ,203402.0,431636.0,228035.0,257445.7,81001.0,266680.9,285571.0,237405.0,519234.0,81044.0,146169.0,656010.0,616304.0,62963.0,139289.0,183634.0,267248.0,209721.0,634725.0,154013.0,164343.0,188935.0,228795.0,4683.354,40002.0,180970.0,309021.0,465496.0,244666.0,151173.0,57104.21,105919.0,351477.0,289498.0,183408.0,96785.0,109389.0,165693.0,444766.0,115570.0,324658.0,389838.0,203128.0,183629.0,266646.0,2163.233,159439.0,605081.4,177399.0,45982.0,341431.0,446821.0,76288.0,3326.821,2802.814,7797.907,69738.99,203837.0,192471.0,347374.0,259741.0,432054.0,747076.0,251569.0,4118.359,252586.0,334736.0,145154.0,288841.0,184403.0,81692.0,150937.8,89219.0,138756.0,81602.0,234455.0,100841.9,191767.0,225053.0,279896.0,161894.0,284809.0,232180.0,103620.0,103606.0,76543.0,95157.0,184204.0,377455.9,8737.307,98685.0,359614.0,265867.5,414590.0,176276.0,263256.0,119440.0,286940.0,211227.0,502203.0,288204.0,166942.0,574659.0,227115.0,201462.0,214437.0,166081.0,64467.0,464200.0,255101.0,94647.0,139317.0,121274.0,64379.0,111810.0,163152.0,169027.0,374078.0,132927.0,169031.0,273477.0
7602,"1,3,5-triethylbenzene  ",22357.0,16139.0,16877.16,20513.0,12376.0,15491.0,10202.0,15838.95,22539.0,11499.0,45214.0,8383.557,21453.0,25592.41,18788.0,23215.0,22438.0,14514.0,20332.0,20855.0,30437.0,11211.31,23479.0,5071.0,50039.0,34470.0,17743.0,16506.0,46182.0,24781.0,6885.01,11723.94,18328.0,8776.0,24633.0,14542.0,22373.91,9758.0,6231.374,39682.0,35997.0,19801.46,26669.0,22101.0,60542.0,21283.0,32232.0,33514.0,29624.0,12721.0,4574.0,14802.0,22792.0,7423.618,7851.108,19864.0,39284.0,10983.0,11055.0,21951.21,26349.0,62773.0,14948.0,11393.79,16147.72,48683.0,33411.79,14993.0,13117.54,58945.0,9397.0,8462.047,69725.0,28761.68,23137.0,20490.0,3445.0,17534.0,9674.0,29185.96,7954.0,21718.0,26103.0,9187.0,27949.17,28266.0,11916.0,15281.0,16345.59,63081.0,5105.0,21386.0,23587.0,32227.0,25198.0,5705.0,10685.0,15172.0,13410.0,15254.0,23392.0,35323.0,52199.0,19469.0,3788.056,25642.25,5442.0,30830.0,29677.0,46205.0,23506.67,19589.0,62069.0,34764.01,20279.0,75879.0,48917.0,16781.0,51873.0,19291.0,9434.695
12160,1-ethyl-4-methylbenzene,18000.0,29551.0,21170.0,14134.0,18789.0,27353.0,11269.0,12229.0,8818.0,9775.0,17795.0,421613.8,447536.1,4408.0,12558.0,11896.0,209856.9,15029.0,43784.71,5944.0,7008.0,8049.0,8429.0,4997.264,7349.0,12152.0,11999.0,10290.0,14115.2,11522.0,3159.0,9834.0,8486.0,223929.8,12152.0,21773.0,11351.0,10655.0,13975.0,11412.0,15043.0,13881.0,14021.0,16588.0,26158.0,52.64231,14957.0,18050.0,11158.0,9903.0,9389.0,11185.0,12334.0,110834.0,144672.0,292141.1,8060.0,13308.0,16215.0,200517.3,12307.0,326039.8,10386.0,191533.7,3930.079,22341.0,14168.0,10144.0,11242.0,108215.8,7611.0,17392.0,16416.0,11755.0,4118.0,188421.6,7741.0,19385.0,16012.0,13335.0,12350.0,13711.38,11126.0,12261.0,9069.0,10636.0,16026.0,145431.3,20518.0,10875.0,4704.0,10120.0,8038.0,18820.0,6209.0,9650.0,7895.0,7451.0,5749.0,11464.0,9358.0,6759.0,10043.0,10791.0,6409.0,5254.0,7099.0,8931.0,7465.0,10673.0,9017.0,8844.0,8180.0,6046.0,4314.0,9637.0,11250.0,8954.0,8975.0,3822.0,4996.0
998,2-phenylacetaldehyde,8505.0,19096.0,6082.0,9815.0,2621.0,3786.0,5035.0,6336.0,9877.0,3491.0,8838.0,8984.0,8303.0,5073.0,6856.0,4266.0,2205.973,17855.0,4784.0,4411.0,6024.049,6928.0,4944.0,458.4592,1337.342,14002.0,5255.0,3744.655,6417.0,22248.0,1343.84,4770.0,12858.0,11593.0,6405.0,8148.0,2704.0,7443.0,2797.618,4889.0,4660.0,10410.0,7400.0,12866.0,7517.0,35745.75,4008.426,7229.0,19306.0,2494.42,13413.0,13531.0,2743.0,8377.852,18997.0,21812.0,5811.807,9065.0,4598.0,7954.0,7506.0,19067.0,11785.0,9185.0,327.2896,6554.0,17739.0,5390.0,6704.0,4893.0,3961.0,2851.005,6242.0,3553.0,5912.0,8008.0,5052.0,3664.0,3994.0,9836.0,20516.0,20730.0,19169.0,9086.0,4062.0,4561.0,4525.0,3579.0,18693.0,7194.0,2674.0,8795.0,4958.0,10753.12,9536.0,8746.0,3275.0,10451.0,7716.0,11893.0,6821.0,13770.0,20503.0,8293.0,832.2071,3143.0,9724.0,3275.734,7052.0,4147.0,3055.42,2094.231,6591.0,1436.816,2089.92,10733.0,8916.604,12235.0,7225.0,2514.0,7031.0
12053,2-phenylpropan-2-ol,3084820.0,5764204.0,5694774.0,6763523.0,2360428.0,4168952.0,1855372.0,3834201.0,6225743.0,746631.0,3375532.0,8624332.0,4049640.0,1703678.0,1344945.0,3578083.0,1960034.0,2985785.0,6372414.0,3168793.0,2047046.0,1396348.0,2987779.0,3328009.0,296117.0,4102205.0,3554729.0,2822158.0,5093464.0,5264557.0,1360741.0,1474826.0,2784528.0,7055413.0,2534713.0,3657635.0,542601.1,3158509.0,4910726.0,608260.1,2964784.0,4626696.0,3954986.0,4787666.0,2155208.0,12293.3,635582.0,4450690.0,2858608.0,1115490.0,4900797.0,5327142.0,568329.0,2182348.0,4975350.0,3907025.0,2408380.0,4672726.0,2021839.0,3457698.0,1578985.0,8646185.0,4569499.0,4242153.0,4068166.0,7087416.0,4752876.0,3543388.0,6049024.0,1708923.0,870319.0,3499868.0,3098284.0,4253422.0,942865.0,4338404.0,1930080.0,1267800.0,3992925.0,3408330.0,3711652.0,4836808.0,6086686.0,1753168.0,1010050.0,2147387.0,1485644.0,4811081.0,7540286.0,1980695.0,2489237.0,2969018.0,1724042.0,4312767.0,4264262.0,3499222.0,3991402.0,4601758.0,1804463.0,6138831.0,3601383.0,3222404.0,6331252.0,5338040.0,3711668.0,3481570.0,3124018.0,1654782.0,5394619.0,4793934.0,1182406.0,3350202.0,3117800.0,1155932.0,1931368.0,2817794.0,3611370.0,2948591.0,3067374.0,1005132.0,2389784.0
7147,1-phenylpropan-1-ol,87788.13,162142.0,141013.0,84522.0,38297.0,77674.0,28522.0,88114.0,112670.0,22841.0,49127.0,175891.0,70156.41,21046.66,38554.0,59699.0,40993.0,51194.0,99676.0,60433.0,51388.0,32163.0,79966.0,62632.0,19616.0,48844.0,76684.39,75485.0,102547.0,46875.0,19791.0,39519.0,72945.0,44740.52,48907.0,34638.0,28951.0,46312.46,104845.0,50009.87,82804.0,116544.0,50362.0,53591.05,159066.0,13259.87,36078.0,112565.0,36936.36,26052.0,105986.0,88160.0,21846.0,16630.0,20949.5,40895.0,44977.0,44781.0,26492.88,54561.9,30131.0,114074.4,47291.0,27044.0,47756.0,95653.0,51674.0,28452.21,37892.51,50617.0,17022.0,33106.96,58515.0,37031.0,25053.38,46112.0,15067.0,25109.0,28143.0,60271.0,61121.0,29426.75,48261.0,18579.0,20268.0,28544.91,10413.0,35679.0,52501.0,51683.0,16022.0,48853.0,25717.36,31677.05,31383.0,35721.53,30276.76,54940.0,27577.0,48460.05,43143.0,34290.0,63415.28,63770.43,26370.0,81385.86,24444.0,42906.0,47482.26,83244.0,14319.0,38088.0,61744.0,14127.42,26849.0,95576.0,78250.0,26281.6,48869.0,27586.0,33839.0
637516,(1R)-1-phenylethanol,7710.176,18287.14,16142.0,14260.0,6422.0,7215.322,6074.0,17638.0,11557.0,3506.0,8723.785,18035.0,12447.0,2609.305,4015.831,7481.0,7125.542,13085.0,8208.612,11723.0,8847.0,3641.525,5921.0,3338.094,1273.152,9395.0,6273.0,5701.0,8271.0,10102.0,2443.282,5865.872,16845.0,18667.0,6790.0,5885.173,1886.331,9115.0,10427.0,3684.975,11047.0,11196.0,15910.0,11035.0,4123.35,1584.058,3196.333,15335.0,6054.0,3164.0,15507.0,13411.0,1951.937,8096.0,11700.0,14619.2,6878.0,18290.79,6161.0,10564.0,5761.0,32201.0,14652.0,11537.92,9286.0,18684.0,10938.0,10305.0,14911.17,5493.0,3022.42,9977.0,10750.0,7203.0,4494.0,11080.0,4308.0,3206.019,11888.0,10290.0,11804.0,8674.0,22926.0,4504.0,3499.0,4587.628,2409.335,7929.0,19912.0,5383.125,10673.0,5998.0,4271.495,14852.0,10549.0,10169.0,12901.0,14323.33,8688.0,19078.0,10339.2,8011.0,17333.0,21525.0,10057.0,7528.0,6630.0,3683.817,9742.0,11653.0,2113.392,9606.576,8005.0,5075.044,3017.567,10488.0,15860.0,7159.0,6712.846,4638.0,6587.599
103653,2-methylbutyl benzoate,14774.0,13107.0,11935.0,11878.0,13122.0,21696.0,5950.702,25429.0,20828.0,44973.0,4314.159,12592.0,14506.93,19605.0,47199.0,40177.0,35628.0,10288.0,12875.0,22995.0,1718.309,3803.0,3393.834,3473.876,2231.326,2158.694,9853.0,12495.0,3406.12,2602.16,4429.0,7612.0,1867.805,14353.0,18635.0,14456.0,33982.0,5766.0,6217.0,3176.716,14425.0,21772.0,3770.0,2938.0,3100.0,5378.0,3470.521,4258.496,1928.76,1944.864,4587.0,1246.742,2070.646,15892.0,16748.0,22199.0,9278.0,14841.0,7555.0,14916.0,15127.0,52114.0,12257.0,32075.0,40130.0,24721.0,24960.0,20256.0,4928.0,1749.348,12250.0,9715.0,5910.0,16779.0,7901.0,7840.0,4489.0,4272.0,6733.0,36578.0,16793.0,8501.0,2778.743,3226.0,1659.88,2144.836,2959.0,15942.0,17391.0,15651.0,9359.0,13881.0,10437.0,18066.0,19908.0,5212.0,7733.0,13497.88,16040.0,17844.0,15549.0,4137.518,4188.352,21916.0,10304.0,7483.0,3692.0,1775.764,11605.0,10725.0,9376.0,10353.0,9833.0,5020.417,2013.332,2979.801,8881.743,11709.28,3994.316,1440.837,3045.553
90232,ethyl 4-ethoxybenzoate,492180.0,700518.0,681167.0,689525.0,440372.0,733704.0,587448.0,1186277.0,850577.0,977010.0,723816.0,664718.0,829256.0,802057.0,1019130.0,708582.0,850336.0,578815.0,720821.0,869466.0,478354.0,230407.0,471473.0,284829.0,693017.0,600865.0,509030.0,656971.0,877556.0,635280.0,232741.0,578077.0,402576.0,668675.0,894095.0,707818.0,1234267.0,743244.0,420274.0,780715.0,779880.0,749744.0,730893.0,476906.0,1024800.0,555271.0,755078.0,842281.0,476871.0,435341.0,233818.0,473094.0,534093.0,673482.0,508955.0,738442.0,949035.0,654519.0,494882.0,730945.0,716811.0,1592741.0,729822.0,840062.0,1173569.0,1394097.0,893346.0,431938.0,267282.0,739222.0,581438.0,552244.0,1094549.0,644210.0,495834.0,492434.0,259030.0,468269.0,498441.0,1079595.0,714130.0,470594.0,873633.0,328547.0,487046.0,621085.0,301040.0,477929.0,639522.0,1376586.0,356150.0,590535.0,828597.0,968022.0,672238.0,356209.0,646515.0,836707.0,579708.0,897434.0,688675.0,665764.0,842455.0,763229.0,438191.0,653084.0,218788.0,514085.0,756959.0,893845.0,553205.0,721444.0,1211246.0,511734.0,510692.0,927971.0,1429707.0,750715.0,778775.0,316447.0,217275.0
3102,diphenylmethanone,25543.0,41491.0,63219.0,50510.0,24284.0,38965.0,21631.0,59740.0,40865.0,28744.0,13554.0,30570.0,31111.0,21218.0,62609.0,35503.0,35262.0,51538.0,34201.0,23416.25,14542.0,21579.0,24343.0,23841.0,14523.0,9874.0,25532.0,13223.0,15480.0,20235.0,18100.0,8240.0,11946.0,9139.0,28640.0,16992.0,42518.0,13880.0,28383.0,21777.0,44644.0,39771.0,16708.0,16361.0,10474.0,30851.0,12137.0,35695.0,33845.0,13840.0,28651.0,11225.0,11930.0,25972.0,25885.0,76685.0,53397.0,34598.0,54395.0,37707.0,46758.0,24132.0,38933.0,58613.0,183216.0,13444.0,59184.0,29779.0,11211.0,25315.0,14395.0,14476.0,31229.0,19972.0,12916.0,4885.0,17746.0,13672.0,16833.0,43764.0,67256.0,10307.0,48655.0,13041.0,9816.0,27892.0,10161.0,21937.0,23097.0,22226.0,28366.0,42777.0,47987.0,46939.0,52942.0,16580.0,35337.0,36174.0,42537.0,66033.0,46954.0,30920.0,20186.0,41921.0,14771.0,12285.0,19076.0,17501.0,11834.0,16630.0,15017.0,19102.0,35543.0,26973.0,9761.0,33108.0,30147.0,21682.0,30119.0,15076.0,22957.0
7222,"1,3-benzothiazole ",30504.0,35181.0,48312.0,37634.0,17444.0,30550.0,23398.0,58372.0,48546.0,29724.0,29359.0,57031.0,27591.0,21072.0,26383.0,29376.0,28113.0,33809.0,34749.0,34526.0,25005.0,17753.0,24955.0,22381.0,10568.0,16567.0,30186.0,24363.0,22064.0,15846.0,10929.0,26134.0,25747.0,18781.0,19363.0,33004.0,11099.0,26176.0,31318.0,13930.0,35220.0,38819.0,22673.0,19824.0,29370.0,902.2858,12022.0,44006.0,15928.0,9155.0,24657.0,23207.0,11641.0,21869.0,17911.0,39629.0,31693.0,48996.0,26117.0,40113.0,18597.0,42787.0,27362.0,41897.0,36332.0,45126.0,25637.0,27976.0,18641.0,12103.0,12464.0,22904.0,29430.0,23504.0,12584.0,9563.0,16309.0,17501.0,35251.0,39146.0,48503.0,18631.0,33128.0,18803.0,10694.0,21673.0,6758.0,56421.0,48449.0,17929.0,19682.0,19177.0,29185.0,30424.0,39135.0,24629.0,30895.0,26666.0,26725.0,39539.0,42179.0,30394.0,32072.0,37159.0,18760.0,16598.0,24024.0,11808.0,19849.0,29244.0,14349.0,23607.0,33410.0,12452.0,11086.0,45371.0,39979.0,16095.0,20020.0,10826.0,13980.0
244,phenylmethanol,94873.0,230146.0,274172.0,142833.0,101951.0,106632.0,100782.0,846639.0,170301.0,86997.0,128164.0,196633.0,147223.0,17034.0,109324.0,108379.0,83877.0,432046.0,89190.0,627548.0,348395.0,67379.0,103975.0,641.906,32218.0,174377.0,94355.0,55973.0,158932.0,271758.0,45592.0,61451.0,762438.0,169753.0,102909.0,64488.0,49838.0,214088.0,112881.0,130773.0,143011.0,146336.0,211197.0,190925.0,76852.0,1149.907,49277.0,124778.0,119272.0,47605.0,130742.0,105357.0,49808.0,660133.2,137038.0,145310.0,130108.0,228877.0,107941.0,135236.0,82170.0,405632.0,159774.0,413481.0,161583.8,274531.0,153229.0,144062.0,128881.0,120946.0,47034.0,129310.0,164346.0,126727.0,67122.0,70571.0,78678.0,39006.0,167168.0,183059.0,246135.0,149012.0,312384.0,158939.0,40790.0,80408.0,64966.0,156386.0,262201.0,44910.0,148375.0,119045.0,70727.0,195570.0,124238.0,249259.0,142620.0,208765.0,93477.0,189056.0,534870.0,148819.0,236919.0,196535.0,84581.0,122018.0,154513.0,89325.0,154347.0,247382.0,40009.0,129956.0,129726.0,47804.0,45465.0,480440.0,866328.0,77659.0,124153.0,79462.0,74493.0
8343,"bis(2-ethylhexyl) benzene-1,2-dicarboxylate",33241.0,23338.35,25916.01,8100.0,14339.0,12611.0,7830.0,14548.0,19485.0,10727.0,13013.0,19559.0,40837.0,14432.0,11776.0,21599.0,13398.0,8688.0,14968.0,3294.0,4347.0,5267.652,10151.0,4121.114,4645.0,10566.99,6951.866,19159.0,5746.0,4342.0,4181.0,3360.0,4205.0,7243.0,10617.0,21118.73,4780.0,2970.0,3220.0,5203.0,9817.0,20195.0,2892.0,5905.0,6791.0,885.989,6661.0,17263.0,3398.0,4488.0,8749.0,3249.0,3779.0,10777.0,12088.0,11679.0,65571.0,12245.0,10813.0,28434.0,7594.0,9450.0,17321.0,10352.0,6379.0,7536.0,8739.0,19763.0,4752.0,5053.0,7301.0,3230.0,4682.0,4318.0,3885.0,4025.0,3971.0,7664.0,2528.973,3846.0,10807.0,10400.0,2969.0,3444.0,4147.0,7396.0,3174.0,3933.0,32138.0,47164.0,10810.0,13063.0,28916.0,24000.0,15130.0,18145.0,17603.0,15238.0,21676.0,18940.0,15929.0,8493.0,24523.0,20453.0,2976.828,7297.0,3961.0,4201.0,4787.0,6634.0,5676.0,15834.0,4711.0,6082.048,10282.0,5634.395,6558.0,9394.0,22656.0,1497.093,3755.0
85781,bis(2-ethylhexyl) carbonate,24816.91,23680.0,27711.0,17872.0,27021.0,47809.0,10364.0,37397.0,35280.0,44197.0,19426.0,23305.0,28455.0,28659.0,84863.0,76826.0,65020.0,23618.0,28521.0,28456.0,8664.0,12549.91,9958.0,9455.0,8379.0,9954.453,21029.0,27433.0,6787.0,10552.0,12941.44,16583.56,9679.0,31331.0,29088.0,32576.0,76367.75,13250.0,13628.0,12865.0,29095.0,50303.44,16766.0,14893.0,16335.0,14592.0,12638.0,18391.0,9807.907,9624.0,9452.0,8845.0,9905.0,19033.22,30102.0,53410.25,18377.41,34376.0,19768.0,26124.0,28473.38,79833.0,23487.28,52575.4,75382.44,35965.45,42704.0,35087.0,9828.0,7592.0,27507.0,17127.0,11364.28,33273.0,19856.0,16561.0,7053.0,9396.0,15834.0,46109.0,21818.0,19613.0,16558.92,8731.111,6366.0,9031.0,8488.0,6274.0,31333.41,38983.97,17778.0,38055.0,33322.89,28739.97,31660.48,13277.0,10231.9,27919.68,29172.0,25365.0,24038.0,18505.0,21261.0,31406.55,21305.0,7503.0,9816.0,9670.0,15568.0,19956.0,11653.0,13167.0,13607.0,11200.0,7528.0,12285.0,15051.0,23293.0,9712.0,5501.0,9310.0
9268,cyclododecane,860632.0,1133157.0,789319.0,541806.0,190582.0,415001.0,729954.0,1142505.0,586267.0,363333.0,65787.54,385756.0,1055024.0,76200.45,1121467.0,720677.0,1223544.0,1233158.0,592716.0,524120.0,382530.0,313988.0,861263.0,328539.0,327774.0,245439.0,368243.0,518411.0,424750.0,698429.0,286157.0,50576.26,290228.0,84684.0,511246.0,163039.0,1189518.0,326818.0,417796.0,703709.0,454357.0,1322673.0,1081971.0,729805.0,40878.51,1187806.0,707170.0,782702.0,611105.0,265277.0,425124.0,397628.0,373279.0,378981.0,474961.0,288588.0,416685.0,532573.0,688935.0,390582.0,677332.0,69326.6,437006.0,1346741.0,1348076.0,832708.0,767515.0,291684.0,337339.0,357110.0,201762.9,333828.0,352238.0,292311.0,168638.0,31536.76,881248.7,333112.0,251052.0,803969.0,1010019.0,471876.0,1223163.0,617015.0,455915.0,760819.0,602703.0,403590.0,34039.0,639367.0,280853.0,425293.0,605225.0,331485.0,351682.0,226988.0,730846.0,657469.0,554592.0,1131456.0,635601.0,759135.0,740089.0,962416.0,283754.0,243467.0,272100.0,531204.4,482062.0,280188.0,284133.0,257305.0,476892.0,689782.0,637871.0,744808.0,916075.0,1329392.0,692876.0,277007.0,381652.0
7874,"2,2,4,4,6,6,8,8,10,10,12,12,14,14-tetradecamethyl-1,3,5,7,9,11,13-heptaoxa-2,4,6,8,10,12,14-heptasilacyclotetradecane ",12669.05,11765.74,23323.5,2562.0,6374.0,2649.0,4851.0,21769.97,6611.0,12659.0,12489.0,3583.0,21453.75,12730.02,10029.0,3058.246,17656.24,3577.0,3354.116,12239.47,1923.897,2856.0,3741.0,3666.086,4253.0,9320.0,10835.08,2626.889,11852.06,15279.0,892.8911,9404.0,8518.451,26755.0,4714.681,17214.0,6748.0,12989.0,3857.921,11312.0,1834.301,14402.3,12057.0,24128.0,34886.43,6071.904,12694.0,4618.0,12700.0,4532.0,2668.0,2988.167,6616.0,58991.0,62983.01,64898.0,152742.0,103728.0,81928.0,99753.0,119585.0,228345.0,102091.0,172757.8,186001.4,304499.0,115568.0,54554.0,52249.0,126968.0,85878.0,116629.0,200616.0,113697.2,79269.0,65798.0,59659.82,119726.1,140150.0,185107.5,146085.8,74419.0,152709.2,75358.62,125158.0,124690.7,62977.56,47459.36,51810.0,361436.9,49476.0,87987.0,132741.8,422444.0,67478.0,78497.0,247195.7,115824.0,142598.0,116687.0,112115.0,129016.0,249187.0,140551.0,57476.0,120241.9,65338.0,76115.0,82429.85,91709.48,91583.59,106199.5,214508.0,122481.4,48164.51,181779.5,132053.0,145505.5,124289.0,72992.0,59140.85
11172,"2,2,4,4,6,6,8,8,10,10,12,12,14,14,16,16,18,18-octadecamethyl-1,3,5,7,9,11,13,15,17-nonaoxa-2,4,6,8,10,12,14,16,18-nonasilacyclooctadecane",18819.0,38272.26,19668.0,18679.0,18089.0,42144.0,14471.0,21559.02,32165.0,25181.4,16159.0,18587.09,28148.0,20142.0,24637.0,21822.0,23857.0,18427.0,38869.0,15870.0,8435.0,11395.0,15258.0,10252.0,15226.0,18031.0,17965.0,11393.92,11469.0,9828.0,12758.0,13010.0,7640.0,17574.0,77320.0,62345.0,16151.0,23484.0,20054.0,11630.0,21081.0,67198.0,18972.0,20652.0,14972.0,11933.0,11913.0,16661.0,12055.0,7279.0,12352.0,6905.0,9779.215,9546.0,12949.0,27092.0,7998.945,22612.79,28645.2,37217.0,20084.0,16381.0,22064.0,20151.0,31633.0,24716.0,21314.39,15048.38,9430.0,8762.0,21531.13,18070.0,12185.0,13479.0,14802.0,13984.15,8206.0,9267.0,19850.0,23211.01,38488.0,17642.0,15490.33,9742.0,11587.05,13971.0,11127.72,6324.041,12647.0,29151.0,10721.49,28334.0,27996.0,55649.0,20661.0,13308.0,42102.0,22757.0,31568.0,20572.0,26557.0,22458.0,27500.0,26350.45,18554.45,15742.0,9155.113,9324.0,9856.0,11855.56,13567.0,19801.88,9101.0,23136.89,6170.0,19407.0,17361.0,31087.0,20342.0,9598.0,10828.16
11170,"2,2,4,4,6,6,8,8,10,10,12,12,14,14,16,16-hexadecamethyl-1,3,5,7,9,11,13,15-octaoxa-2,4,6,8,10,12,14,16-octasilacyclohexadecane",51096.98,148555.0,65098.44,51782.0,58110.0,153443.0,35706.0,85803.37,83238.22,74003.0,44067.0,53650.0,85272.0,66514.37,59883.0,73066.0,66302.0,49265.4,140469.0,40891.0,21367.0,29843.0,52698.91,26831.0,50463.44,65359.0,44853.0,31323.78,28744.09,26196.25,30313.07,30562.0,19136.0,37711.0,227446.0,172211.0,60635.85,55532.0,64264.0,30212.0,62835.41,153486.2,51635.0,53104.0,36527.37,31262.0,29625.7,49253.0,29786.0,16670.0,35078.0,18575.85,21996.0,30288.0,35275.0,60456.0,29948.0,48750.97,53993.0,76612.0,62203.0,52715.02,55975.0,73344.0,94565.0,101580.0,72936.0,38706.92,22590.0,23982.0,58687.0,66524.0,41080.66,45419.0,37468.0,35736.0,20709.0,48332.0,74807.78,64943.0,106337.0,40765.0,36324.0,26372.57,34586.0,44467.85,28813.0,13766.0,31287.0,122666.0,30079.0,65339.0,77964.0,209206.0,37834.0,39421.0,135103.0,49758.0,74492.0,75121.95,71269.0,56066.0,109876.2,98806.84,44458.0,55194.92,27174.0,20019.0,26867.0,32860.64,44329.21,56837.0,38767.0,91275.23,15642.0,54010.0,43462.0,59785.0,54242.0,23941.0,23907.0
11169,"2,2,4,4,6,6,8,8-octamethyl-1,3,5,7,2,4,6,8-tetraoxatetrasilocane",3416.014,4805.294,6819.664,3433.0,6017.0,5703.0,4712.0,5886.0,8007.0,5280.0,5486.0,6575.0,5679.0,9460.0,5178.0,5566.0,5842.0,4732.0,6572.0,3855.0,3091.0,3946.0,3904.192,3830.254,4814.0,3180.0,8083.0,3536.0,4187.0,3389.0,4198.0,3601.0,2703.0,5206.0,7025.0,6019.0,7349.0,5342.0,5816.0,4800.155,6384.549,6601.0,5457.0,5387.0,6350.0,232528.1,6530.0,5201.0,3003.0,5548.0,3727.0,3100.0,3487.0,4841.0,4687.0,7234.0,4282.0,4715.134,4241.0,7759.0,5639.0,6210.0,6550.0,5237.0,5624.0,4261.706,7287.0,3941.0,5964.0,4079.0,4575.0,3703.0,3182.409,6499.0,3536.0,3177.497,2864.0,3808.241,5118.0,6860.057,5340.0,9112.0,5167.0,4396.0,5004.0,3602.0,4395.0,4545.0,5597.0,7775.0,4111.0,3780.665,6017.0,5867.0,4720.0,4575.0,3698.0,5119.0,5958.263,5780.501,5690.0,6533.934,7015.0,5850.0,2989.0,3840.51,3413.0,4027.0,4582.573,3437.267,1884.538,4192.0,4577.0,5168.0,3530.0,8662.0,6391.0,6418.0,8178.876,4109.0,4302.092
10914,"2,2,4,4,6,6-hexamethyl-1,3,5,2,4,6-trioxatrisilinane",292225.8,1113944.0,406446.0,368076.0,659296.0,396334.0,5224.0,338628.0,503476.0,285740.0,423491.0,451891.0,595346.0,541113.0,408466.0,556764.0,9184.0,279711.3,187632.2,3328.675,288030.0,303424.6486,339648.4,649.8689,402524.0,37378.71,32072.7,237303.0,36850.63,51119.65,1263.736,221013.8,147846.3,519469.0,372830.0,186326.0,654861.0,390956.0,315175.0,354222.0,383823.0,402752.0,399390.0,412660.0,263044.6,213.9573,15878.87,281746.0,438663.0,219283.0,70572.53,235566.0,238632.0,3221.944,4857.0,8502.825,39950.76,362178.0,205447.9,478604.0,425393.0,509708.3,381222.0,522199.0,972.5311,450484.0,246875.6,210530.0,12701.1,440052.0,250248.0,502384.6,272975.0,503443.0,319595.0,274758.5,158424.0,156492.0,335084.0,363114.0,258990.0,465145.0,323130.0,40990.45,73573.65,143368.0,282343.0,390975.0,2547.331,19784.0,155427.0,4842.341,13213.0,409266.6,464150.0,253977.0,332758.1,402817.0,274165.0,520948.0,508717.0,373123.0,623448.0,368075.9,496759.0,693320.0,272676.0,19843.52,413917.0,210178.9,540548.0,106993.5,76859.51,356519.0,197814.0,790978.0,725197.0,362781.0,68206.76,140527.6,80826.85
15600,decane,30341.0,46596.0,40766.0,24664.0,28559.0,42236.0,27594.0,38601.0,38348.0,32386.0,43874.0,33838.0,41656.0,12123.0,39363.0,35503.0,39942.0,39506.0,38356.0,21519.0,23588.0,21917.0,27822.0,775.7346,26276.0,23864.0,24905.0,22615.0,23645.0,21216.0,7032.0,25129.0,24950.0,40543.0,38894.23,28278.0,28175.49,33870.0,33574.0,42050.0,34767.0,34900.0,41864.0,44757.0,34428.0,14597.25,40989.0,35929.0,21047.0,22317.0,21590.0,23395.0,21132.0,3415.923,25878.0,40010.0,29561.0,44233.0,27301.0,33477.0,46103.85,38211.0,39822.0,40780.0,1386.873,44436.0,50960.8,25667.0,26070.0,30946.87,22221.22,29152.0,26816.0,17901.0,17931.0,23155.0,20648.0,22602.0,42328.0,41002.0,36022.0,40009.85,41166.0,22803.0,20474.0,17665.0,20939.0,20391.0,39866.0,38507.0,25122.0,31957.62,26648.0,52198.94,32678.0,27583.0,28828.0,40085.0,44505.23,43717.0,40638.0,49457.09,44815.0,40255.0,21493.0,22470.0,24455.0,27421.0,30439.0,31039.0,22139.0,30138.0,23711.0,21816.0,22729.0,39932.0,40732.0,33436.0,39943.0,18097.0,23204.0
17835,4-methyldecane ,42502.0,71883.0,62133.0,46258.0,43475.0,68280.0,41554.0,84788.0,71517.0,52894.0,133045.0,67837.0,74692.0,28143.0,73165.0,64163.0,76002.0,77207.0,70423.0,46781.0,74739.0,38024.0,82050.0,42625.0,82210.0,67144.0,46246.0,43110.0,64908.0,51232.0,16069.0,55965.0,54046.0,70271.0,69314.0,58600.0,52837.0,108904.0,55727.0,116475.0,64291.0,56746.0,95557.0,100552.0,94747.0,40410.13,109209.0,115696.0,66336.32,45190.0,41575.0,52145.0,48562.0,54387.0,53983.0,72681.0,70062.0,80096.0,44625.0,61449.0,65530.0,107865.0,66692.0,71470.0,73275.0,115022.0,75480.0,41775.0,41076.0,96354.05,40046.0,51426.0,80114.96,30486.03,44992.0,82310.0,41177.0,48508.0,74311.0,92942.0,60996.0,70388.0,83110.0,40332.0,47053.0,41007.0,40594.0,48048.0,74130.0,127093.0,41257.0,41033.0,42877.0,75119.0,43765.0,43711.0,54066.0,78345.0,72677.0,75604.0,70381.0,120656.0,100140.0,81955.0,39086.0,38925.0,43871.0,84081.0,87565.0,106261.0,39224.0,54600.0,57525.0,40376.0,58952.0,149688.0,94048.0,56052.0,104997.0,63450.0,36048.05
17835,4-methyldecane ,42502.0,71883.0,62133.0,46258.0,43475.0,68280.0,41554.0,84788.0,71517.0,52894.0,133045.0,67837.0,74692.0,28143.0,73165.0,64163.0,76002.0,77207.0,70423.0,46781.0,74739.0,38024.0,82050.0,42625.0,82210.0,67144.0,46246.0,43110.0,64908.0,51232.0,16069.0,55965.0,54046.0,70271.0,69314.0,58600.0,52837.0,108904.0,55727.0,116475.0,64291.0,56746.0,95557.0,100552.0,94747.0,40410.13,109209.0,115696.0,66336.32,45190.0,41575.0,52145.0,48562.0,54387.0,53983.0,72681.0,70062.0,80096.0,44625.0,61449.0,65530.0,107865.0,66692.0,71470.0,73275.0,115022.0,75480.0,41775.0,41076.0,96354.05,40046.0,51426.0,80114.96,30486.03,44992.0,82310.0,41177.0,48508.0,74311.0,92942.0,60996.0,70388.0,83110.0,40332.0,47053.0,41007.0,40594.0,48048.0,21172.0,29954.0,9662.075,10830.0,37622.0,3.17e-10,270650.0,194350.0,210668.5,89368.96,276620.0,263519.0,280618.0,226775.0,388430.0,13026.29,124437.0,37090.0,183495.9,46.92248,293316.0,67396.8,554419.0,16.87386,2.875708,259056.0,98077.31,474268.0,251737.0,176958.6,22.57619,1691.35,4.53e-07
8194,dodecanal,29404.0,28550.0,21702.75,13966.0,9540.0,13880.15,11755.0,15551.0,19333.33,13634.0,12169.0,10921.0,19338.27,9125.0,20769.0,15551.0,26300.0,27307.0,12546.6,6154.0,8579.0,7924.233,8038.0,5336.0,8680.0,7314.0,8945.0,9476.0,7775.915,11214.4,6219.907,2335.653,7343.0,4747.0,11380.0,6664.76,33988.93,6995.0,6761.0,16132.0,14655.0,12189.0,12460.0,15486.0,5426.0,18355.0,15672.0,11188.0,11544.08,6404.0,6006.0,8198.0,8178.0,11650.49,9634.0,21091.0,14165.0,11198.01,17761.0,22957.0,21199.0,15688.0,18457.99,16497.0,16813.0,12783.0,15187.0,6829.0,9015.783,7995.0,4878.056,7091.0,8693.0,11836.0,7628.749,2355.308,9939.0,9083.0,7933.0,9218.0,13075.0,14253.0,13519.55,11377.0,13036.0,13038.0,12149.0,7498.0,11475.0,36203.82,11207.0,14609.0,26136.0,23589.0,11613.0,7504.709,12178.0,23343.0,21015.0,22501.0,15026.6,12239.0,19357.0,18008.0,5998.0,6863.691,6970.0,10627.0,11448.0,7134.238,11441.0,4987.0,11774.0,18629.0,10860.0,21461.0,14037.0,19801.14,19606.0,4510.838,9600.0
75084,dodecyl prop-2-enoate,21204.0,28072.0,13693.0,9666.0,13433.86,8733.0,3748.0,58412.54,8026.467,10266.0,3683.818,9339.0,4817.01,3851.437,11463.13,12122.73,8123.0,258130.0,10729.0,6009.0,5975.0,7732.484,20500.17,7672.0,5576.0,5498.0,4509.0,8443.008,5134.768,5358.0,4819.0,1369.528,6237.0,2287.186,5538.0,2736.0,10881.0,6327.0,5392.0,11900.0,8313.0,28757.0,13353.0,15822.0,3271.213,12847.78,18600.0,10334.67,16115.81,4182.0,8813.0,7023.0,9265.943,12513.84,18516.0,8746.0,8334.192,8694.519,5867.465,7434.0,5982.0,4861.079,4345.0,28298.0,7534.512,2069.118,6998.0,5787.0,8947.0,4292.0,2644.0,5472.587,4103.0,6870.0,3565.0,1308.594,6677.0,4013.883,7858.0,11280.89,14638.0,5268.434,13452.0,4076.0,5426.0,11660.0,7942.0,4490.0,2060.217,10016.0,12900.4,3154.0,5042.0,4250.955,10804.0,10774.52,4712.0,10733.22,7728.0,15534.0,10413.0,15227.0,14643.0,10072.79,3252.853,7939.0,3972.0,9548.0,4426.0,3512.0,4123.0,3727.0,4453.96,3253.0,4090.0,8752.778,5683.0,25432.0,8764.534,3202.765,6684.0
8133,2-butoxyethanol  ,86872.07,200303.0,148753.0,481274.0,91573.0,60535.0,75639.74,63585.0,81589.0,270483.0,156727.0,237592.0,150029.0,267998.7,89004.0,47802.0,49982.26,116826.0,74031.0,46825.0,29674.32,46963.0,81020.0,2832.287,84839.0,86852.0,61371.0,45368.0,66463.0,199262.0,6279.93,121272.0,76715.0,183973.0,53636.0,96431.0,65010.0,116533.0,253407.0,99274.0,256954.0,84345.0,166749.0,188458.0,67626.0,11104.95,219127.0,575033.0,150755.0,36833.0,256555.0,217505.0,171770.0,2234.627,5776.939,2248.653,53160.22,209308.0,81820.0,198061.0,62464.37,444504.4,158444.0,212743.0,1576.915,205733.0,104742.0,140184.0,165083.0,55518.0,22915.0,157450.0,163962.0,104714.0,54530.0,122111.0,66356.0,98108.0,237462.0,144498.0,129426.0,200248.0,409950.0,71290.65,29184.92,64408.0,37232.0,188026.0,922.6492,2183.975,142871.4,1822.189,45325.87,134384.0,156677.0,307235.0,126501.0,136447.0,47036.0,279433.0,104953.1,182052.0,319181.0,141838.0,92417.0,120951.1,138212.0,58466.0,171517.0,247577.4,31429.0,101893.0,73804.0,43076.0,62145.0,108241.0,178684.0,148252.0,88691.0,51478.0,205513.0
31236,2-phenoxyethanol  ,207937.0,131457.0,326175.0,204560.0,9795.0,34387.0,7415.0,177229.0,53919.0,5753.0,13187.0,120898.0,26295.0,10887.34,6688.66,58440.0,21839.0,60916.0,41633.0,122048.0,78570.0,11216.0,63418.39,21606.0,2124.815,9429.063,43901.0,13069.0,83390.0,55710.0,15125.0,3866.594,82553.0,15211.58,16966.25,3118.069,7212.351,18156.0,36867.0,8888.784,48182.0,151947.0,19206.0,11394.0,7416.283,308.9808,769.4727,60236.0,17883.0,2963.55,48314.0,23345.0,2786.441,17359.0,51519.0,17332.0,43049.0,49595.0,38416.0,24330.0,10291.0,492029.0,18259.0,115526.0,120582.0,80536.0,30201.0,75967.0,13991.0,23037.0,6721.0,8378.424,62765.0,48662.0,8592.0,7957.0,12872.0,4459.596,23175.0,65549.0,50988.0,71554.0,130252.0,3226.326,5260.0,11480.0,4645.295,20202.0,212238.0,10472.0,35641.0,20064.0,17111.0,29998.0,48875.0,27784.0,25600.0,23864.0,12002.0,27237.0,61749.0,16659.78,39743.0,54394.0,6431.0,89863.0,11679.0,4288.006,25810.0,38460.0,6785.817,26125.0,77323.0,9996.0,6207.634,21222.0,47815.0,16157.0,44889.0,5372.774,7933.0
22568,2-phenoxyethyl acetate,16519.0,17528.0,30816.0,30844.0,2407.843,13955.0,9411.0,23994.0,26029.0,615.9293,4818.0,24645.0,7861.0,1119.334,701.3539,21922.0,13546.0,12820.0,23062.0,13931.0,8937.0,10257.0,9910.0,22128.0,299.2566,2508.0,13557.0,12473.0,8329.0,1196.318,9895.0,2535.735,13184.0,4613.0,5816.0,688.4479,163.4478,2682.507,14643.0,574.3793,41839.0,19452.0,7239.0,2111.561,1079.967,21599.0,303.6089,35021.0,975.2738,1131.297,15507.0,14528.0,180.0504,3336.0,8759.0,6725.0,12007.0,25497.0,9564.0,6691.0,7257.0,30641.0,8770.0,23085.0,16450.0,5502.0,11431.0,19607.0,2130.123,7235.0,3095.0,2475.002,17781.0,4379.0,4998.0,3692.0,5836.0,6503.0,4492.0,15116.0,15932.0,1913.454,59102.0,1405.049,4421.0,4603.0,798.5818,3137.0,39630.0,16669.0,19039.0,5186.0,4781.0,10590.0,17003.0,2702.196,4313.898,7943.0,10182.0,4132.0,5631.0,3516.0,6084.0,8053.0,2468.077,5931.0,1695.782,1616.652,3562.074,5575.0,2673.0,11064.0,12314.0,2945.0,1487.605,6265.0,6809.0,5348.0,8797.0,5188.0,2014.519
23229,1-(3-acetylphenyl)ethanone,5888.413,28092.0,44982.82,56515.0,15839.0,9741.0,4849.0,10395.0,4730.0,1112.745,31654.0,1341.325,26161.0,15323.0,46646.0,1488.8,8152.0,9851.0,2030.0,6072.0,1330.123,1971.137,5743.871,2034.4,3691.0,2641.896,3244.0,494.7063,26999.0,5307.0,892.2012,3221.0,671.0995,3885.0,4649.0,9172.0,8769.0,978.5074,448.2617,3317.0,2691.742,10059.0,399.3395,8984.0,19584.0,10250.0,280.8482,948.7677,10608.0,1604.729,3312.0,177.947,6382.0,30213.0,10836.0,65905.0,16085.0,5188.0,12077.0,3899.0,21079.0,15406.0,35809.0,8765.0,47492.0,9503.0,14034.0,5087.0,5414.912,36387.0,9760.0,3472.0,2302.128,2228.228,1976.978,21832.0,3739.0,324.9569,2426.212,2536.715,23055.0,10093.0,7092.0,813.1792,433.3603,29038.0,262.1863,709.4804,45701.0,10563.0,10296.0,28845.0,46473.0,16274.0,58773.0,4547.0,10895.0,49020.0,6274.0,56068.0,24785.0,1273.308,2637.084,5911.0,683.6656,576.133,3671.0,7517.0,2724.0,3218.0,1089.866,845.7139,4923.0,14157.0,2989.0,15150.0,20470.0,1788.406,16871.0,1093.228,5794.0
7500,ethylbenzene,52271.0,114571.0,94620.0,105344.0,324815.0,180533.0,45443.4,90913.0,80001.0,51234.0,286724.0,95155.0,172231.0,39806.0,103207.0,130346.0,5116.123,201078.2,156455.5,23160.85,98697.0,12501.95,68125.0,106498.4878,55719.0,60314.41,53263.6,63688.0,50128.95,64809.55,4434.647,143817.4,78238.86,218061.0,64574.0,249379.0,85310.0,121748.0,81764.0,101094.0,150149.0,98783.0,135054.0,216632.0,279858.0,5932.788,59688.59,117653.0,98691.0,131659.0,59976.55,85906.0,69245.0,120813.3,435.2183,23274.82,121.7135,45423.0,51228.0,54003.0,36647.0,75297.0,37043.0,36266.0,128315.0,124298.0,23649.32,25020.0,49994.0,17104.0,14682.0,27880.57,29542.0,27280.0,16348.0,61991.0,36224.5,39695.0,46606.0,37759.0,32061.0,30862.16,60827.0,8145.322,7203.368,26929.38,55656.0,59983.0,279.3043,4.281951,527.2968,194.8628,543.5209,47181.0,40554.0,60753.0,50328.0,91342.0,27186.0,71626.0,75028.0,76868.0,54475.0,68384.0,39450.0,29653.0,42650.0,30312.14,29470.0,234.6358,38246.0,28474.52,26537.82,37808.0,50484.0,51902.0,64911.0,79180.0,75072.74,18968.04,21362.52
2758,"1,3,3-trimethyl-2-oxabicyclo[2.2.2]octane",43960.71,66959.0,79276.0,27984.44,10048.0,18471.0,8161.0,53170.0,18485.23,37602.0,11951.51,49654.77,19942.0,8176.0,43898.0,9300.58,13237.0,43696.92,15265.56,82378.79,41731.2,5725.0,44036.48,12985.49,12863.85,26524.0,7950.2,7637.0,12113.53,25039.57,2264.218,9845.0,66683.23,22237.23,11105.0,27640.0,38696.0,23158.25,36951.0,31805.0,15664.0,60122.0,20124.65,20391.0,20861.0,6071.594,53816.0,12683.0,15835.0,6920.105,28403.0,12022.0,37095.0,4115.0,9180.91,15780.0,4489.0,11593.0,5579.0,31668.0,2893.519,34867.55,7268.0,11651.91,4886.0,39204.59,5223.566,9342.0,16011.0,1333.939,1417.143,13516.0,7499.341,11084.0,6336.0,18924.29,7335.0,2701.0,12920.0,25333.0,19439.0,23497.0,14207.0,7593.0,3696.128,5681.0,3433.0,11385.0,19910.27,3141.0,4860.0,8550.759,8343.0,5908.0,9303.794,9625.0,9074.0,14058.94,5269.0,20833.0,33871.87,15197.0,24231.0,18736.0,19565.69,13527.33,9096.0,6687.0,17751.0,14396.0,2693.005,8869.455,9779.0,5159.0,8920.0,11541.0,16526.64,14275.0,29307.15,2531.0,2490.319
19602,2-pentylfuran,1705915.0,1935782.0,1796996.0,2033090.0,1796892.0,4185722.0,764876.0,2402561.0,2427561.0,2887269.0,523325.0,2319862.0,1767355.0,2394305.0,6454553.0,4434374.0,3415302.0,628519.0,2890366.0,2031271.0,277782.0,317710.0,305060.0,287405.0,275092.0,304330.0,1549581.0,1819303.0,481209.0,313513.0,329399.0,1252466.0,287490.0,2384842.0,2331307.0,1657759.0,3896589.0,827917.0,1145421.0,489480.0,2780487.0,1890431.0,595796.0,522553.0,543474.0,500702.0,479481.0,628959.0,305576.0,315393.0,285953.0,270355.0,307170.0,2804.178,15743.0,77864.36,42824.0,11261.51,11521.0,60366.0,41326.0,52795.0,70633.0,21155.0,1364.227,38257.0,115170.0,13414.0,23389.0,30439.0,3440.117,4821.69,28227.0,29500.0,13779.0,21501.0,2452.041,9723.0,5085.254,12328.0,4979.752,88045.0,6707.719,19386.0,28065.0,6616.0,24590.0,22602.0,129007.0,82648.0,5189.0,45516.0,41963.0,54766.0,44596.0,5887.0,10551.43,33458.0,46802.0,13575.0,68655.0,9891.0,24731.46,25551.0,2865.381,49830.0,16163.0,16165.0,32183.0,23745.0,24507.0,3939.0,31503.0,26460.0,11694.0,57835.0,48086.0,74169.0,64878.0,4397.679,49390.0
160669,(2S)-5-amino-2-(methylamino)-5-oxopentanoic acid,554.3914,104543.0,79652.0,73158.0,84972.0,81927.0,1411.246,85130.0,78110.0,77462.0,97763.0,76938.0,98080.0,19870.0,95131.0,95783.0,624.0789,99999.0,99370.94,19040.75,56607.0,12006.05,74817.0,175.9564,60700.0,37433.89,44049.95,57815.0,30076.51,25098.73,4639.959,59875.0,58931.0,97887.0,69464.0,60597.0,74958.0,67290.0,74569.0,96492.0,71241.0,78496.0,93326.0,104875.0,155.7644,139.908,56079.16,79625.0,45130.0,59802.0,46827.78,58924.0,55590.0,474.26,2143.011,399.5388,34.53464,82528.0,97807.0,70073.0,78893.0,76731.0,89346.0,97733.0,22.71327,86877.0,51964.43,64750.0,62104.0,61132.0,47605.0,44870.16,46385.0,29008.0,33395.0,49126.0,57941.39,40140.0,85687.0,93246.0,77168.0,70892.85,78606.0,10013.49,12689.65,25626.37,54320.0,76381.0,31.52052,539.398,667.9671,453.3391,1711.04,83082.0,77681.0,61225.0,76702.0,87374.0,89220.0,96523.0,91561.0,102930.0,105402.0,88599.01,56058.0,48365.0,64357.0,14008.34,60562.0,55799.0,43234.0,47887.02,38905.15,50492.0,55324.0,64773.0,97371.0,73333.0,30096.12,24107.48,35496.05
41209,"2,6,10,15-tetramethylheptadecane",6065.651,10116.0,9636.729,7363.0,6305.0,15907.0,5628.0,16442.42,11850.0,13963.0,5864.0,9964.0,17180.0,13289.0,13974.0,14580.0,18557.0,10208.0,8828.0,8816.0,3868.0,4546.0,3832.734,3719.0,6521.0,6137.0,7904.0,6179.0,7719.0,4822.0,4295.0,5909.0,3574.0,7753.0,17281.0,13934.0,22762.0,6060.0,8659.0,5582.0,14794.0,30624.0,6148.0,5643.0,6583.0,6915.0,4625.0,6246.0,3462.0,2739.597,3486.483,3164.308,3548.0,9030.0,8301.748,11050.0,7982.0,8496.0,7196.0,12270.0,12584.0,21449.0,12369.0,18226.0,40079.0,11756.0,18952.0,5427.0,3375.0,4767.0,7400.0,10175.0,7546.0,10753.0,5239.0,6854.0,3421.0,9702.0,11170.0,11154.0,9390.0,5378.0,6369.0,3869.0,3358.0,4292.0,3545.0,2111.984,9010.0,13006.0,5605.0,13019.0,12944.0,29482.0,9403.0,5472.0,8493.0,12772.0,8458.0,10325.0,10857.0,5793.272,8254.0,11160.0,4697.0,6346.0,3521.0,3334.0,6178.0,5097.0,7581.0,11656.0,12042.0,5692.0,2868.755,7128.0,9748.0,11381.0,5489.0,2560.098,3777.0
11006,hexadecane,30032.0,38287.0,33884.0,25083.0,23847.0,38265.83,20955.0,46248.0,43356.0,41115.0,73999.0,35436.0,34571.0,29257.0,40057.0,27857.0,40393.0,39838.0,28608.0,30950.0,39587.0,17338.0,34384.0,17670.0,59779.0,56084.0,23341.0,28293.0,49337.0,38483.0,13347.0,34163.0,33806.0,22154.0,42130.0,30098.0,32492.0,30154.0,27325.0,66954.0,34460.0,32741.0,61955.0,60287.0,77149.14,37005.0,55812.0,60361.0,39601.0,28783.0,21333.0,33710.0,41137.0,9189.0,9723.0,15579.0,16650.0,17485.0,12202.0,21233.0,16673.0,23973.0,18451.0,24102.0,19668.0,19868.0,21417.0,9753.0,8134.0,12479.0,6408.0,9846.0,19770.0,12206.0,5987.0,4339.0,7045.0,13465.0,16042.0,12635.0,10854.0,8760.0,11559.0,8004.0,9584.0,11204.0,7027.0,8881.0,36353.0,106936.0,20445.0,26307.0,25306.0,38155.0,23657.0,23299.0,22551.16,36807.0,30668.0,34277.0,37150.0,68171.0,82608.0,41641.0,16496.0,27616.0,18927.29,42666.0,37776.0,51706.0,24313.96,40707.0,72895.0,17287.0,33861.0,86974.0,69160.0,34600.0,71895.74,30829.0,19440.63
557859,"3,7-dimethyloct-7-en-3-ol",2678.293,2951.0,7541.0,41815.0,4323.0,6677.0,14615.0,8350.0,13381.0,8748.0,14004.0,1920.439,4084.0,6306.0,58487.0,12774.0,12031.0,9491.0,3630.0,4704.0,3442.0,6339.0,9338.0,26597.0,38359.0,4044.0,6670.0,2946.765,2490.093,3252.0,6298.0,5935.0,2940.0,2317.7,8392.0,4101.0,8737.0,5781.0,3830.062,11164.0,3612.0,4446.0,10278.0,5250.0,6809.0,7639.0,6268.0,20650.0,3049.96,7759.0,2125.78,2891.0,5606.0,4786.0,3214.252,6234.0,7313.0,6441.0,6463.0,4037.0,4884.0,9454.0,5506.0,11696.0,12879.0,7445.0,5356.0,5169.0,4381.0,5890.0,3538.0,3647.054,9147.0,2931.0,5361.0,1641.088,5709.0,5098.0,6523.0,11600.0,188882.0,7337.0,11383.0,4641.0,5298.0,4746.0,5344.0,2642.854,11903.0,4794.0,6055.0,2585.096,6038.0,20325.0,6170.0,4510.0,14037.0,8909.0,12761.0,4081.0,7313.882,17614.0,6261.0,6784.0,5183.0,1640.258,4746.0,4568.0,1462.54,5565.0,2175.938,2980.0,5104.0,4614.0,6214.0,10337.0,7994.0,4747.0,14261.0,4227.0,3719.0
4133,methyl 2-hydroxybenzoate,12436.0,13283.0,15858.0,7423.0,8770.0,9886.118,6846.0,19717.0,9309.0,59823.78,5849846.0,15367.0,5072.0,2627966.0,75838.4,10512.0,9874.0,8078.0,6656.0,5542.0,5091.0,4562.0,11980.0,6368.0,4625.0,60731.18,6492.0,9203.0,4559.0,133329.6,3043.951,4299094.0,10285.0,4270871.0,29917.72,4509377.0,54664.16,149263.6,10677.0,57838.03,5920.0,16527.0,7524.0,186563.6,5706606.0,49.61518,10608.0,21137.0,137957.3,4115.0,8284.0,5793.0,7169.0,4793.0,3309.0,8007.0,5992.96,6157.0,3542.0,12358.78,3461.0,5628786.0,4389.0,22934.0,6077.0,5340829.0,3205.0,3029.947,109016.8,1926.586,2125.12,4426.0,316486.3,7982.751,5021.0,7325163.0,3231.086,4145.0,5049.665,10648.0,10836.28,210907.2,6881.0,5190.0,4357.0,5354.0,2727.571,8065.0,9500413.0,5496.0,4175.039,4138.51,8012.0,5143.649,6839.0,8175.0,7058.0,13126.0,5441.0,10241.0,13205.0,15465.56,4913.0,10554.0,4566.96,141667.1,4994.0,7983.0,99282.2,11064.25,3306.0,4943.0,7651.0,5543.945,5289.0,21298.0,14814.41,4406.0,7573.969,2114.764,2317.321
13544681,N-methyl-N-[2-(methylamino)ethyl]benzamide,97420.0,159891.0,110765.0,165803.0,19903.0,115937.0,114208.0,69131.0,275158.0,10994.27,76042.0,302046.0,199093.0,25429.54,14327.31,78400.0,101183.0,63452.0,243436.4,73308.0,71931.0,68490.85,107967.0,194928.0,6414.426,125690.0,131321.0,183020.0,57607.0,90350.0,34502.0,85484.0,125177.0,222947.0,452847.0,27904.0,8085.573,67399.04,166342.0,11139.64,209568.0,155966.0,125176.0,59213.0,101303.0,2.8e-07,13149.63,319352.0,74586.0,23855.05,235985.0,301943.0,7581.549,63144.0,150867.0,165605.3,55758.0,201625.0,90335.0,231712.0,1242193.0,337968.0,865377.0,143826.0,65525.0,185629.0,821186.0,182810.0,197014.0,475315.0,266256.0,103178.0,102608.0,115151.0,64146.0,137064.0,73726.0,79964.0,154650.0,218775.0,120782.0,358399.0,251430.0,44923.0,69416.0,52194.0,16842.24,125861.0,249606.0,126849.0,111018.0,780810.0,95256.0,518587.0,135922.0,119504.0,105473.0,141595.0,91586.0,190007.0,109557.0,78607.0,306458.0,185888.0,98478.0,157983.0,78335.0,20973.0,232704.0,171250.0,38120.0,155399.0,101159.0,45904.0,38725.0,95174.0,108535.6,71218.0,53330.65,521020.0,538709.0
537332,5-ethyl-2-methyloctane,2694.246,5271.946,4351.0,3073.0,3366.0,4969.507,3367.665,4286.0,4519.0,3378.0,8287.0,5153.0,5212.0,1381.822,4472.0,4553.0,5211.0,4585.0,5665.0,2381.611,5274.134,2561.554,4762.0,13567.0,5249.0,4845.239,2561.2,2252.116,4178.0,2747.727,1068.089,2419.487,2928.171,5497.0,3809.0,3360.0,3023.609,5205.0,4185.0,7200.0,3795.0,4197.0,4767.0,6240.0,3642.0,261318.9,6098.0,8811.275,4393.316,2296.52,2634.931,2336.078,2518.585,3886.0,3659.245,4907.0,3080.0,4988.0,3030.0,3679.0,4064.537,5383.992,5183.0,4944.0,40557.46,4796.0,5703.0,3315.0,3089.0,8340.0,2025.281,2866.835,4965.049,1739.081,1507.512,5157.0,2308.323,2566.0,5091.0,3740.242,4770.0,4148.0,4603.0,2661.963,2161.489,1802.925,1946.413,1910.719,4511.0,10103.47,2584.0,4047.015,3106.0,5351.0,3115.0,3432.0,2851.574,5425.0,4357.0,5822.0,5037.0,6526.218,4771.627,5158.0,2570.135,2159.728,2891.0,6070.0,6003.0,7916.0,2471.026,2815.0,2731.139,2431.211,2227.47,13497.0,4519.0,3744.0,5337.0,5248.0,2520.582
8814,"4-(2,4,4-trimethylpentan-2-yl)phenol",19271.0,10098.0,14218.0,6313.0,7415.0,11552.0,5268.0,30956.0,11215.0,11433.0,8979.0,8261.0,7633.0,9037.0,15988.0,17311.0,10270.0,7587.0,5256.0,10053.0,4266.0,5260.0,13314.0,5070.0,4697.0,4045.0,7593.0,7496.0,4527.0,4696.0,4398.0,6186.0,4256.0,8916.0,12456.0,4768.0,9392.0,5724.0,5400.0,6660.0,10960.0,23983.0,7167.0,4861.0,5729.0,6419.0,7285.0,8174.0,3969.0,3969.0,3462.0,3154.0,3294.0,6544.0,13574.0,10153.0,7473.0,11507.0,7763.0,8274.0,8906.0,13430.0,9813.0,20226.0,14705.0,25795.0,15902.0,9111.0,4213.0,4389.0,6499.0,6980.0,6645.0,7405.0,6808.0,5699.0,4152.0,3840.0,4338.0,13646.0,8114.0,10468.0,6036.0,3551.0,3853.0,4536.0,3099.0,4442.0,13627.0,6319.0,5679.0,10641.0,2785.0,3155.0,8589.0,5188.0,3102.0,10009.0,5957.0,8786.0,14531.0,10839.0,8051.0,12818.0,6663.0,7386.0,4590.0,3970.0,6847.0,7520.0,4857.0,7650.0,6002.0,2112.53,4309.0,4649.0,12622.0,16560.0,8919.0,3389.0,6726.0
622436,trimethyl-[2-trimethylsilyloxy-1-(4-trimethylsilyloxyphenyl)ethoxy]silane,63154.0,163957.0,81069.0,54720.0,95460.0,92310.0,66030.0,96139.0,96901.0,89945.0,587756.0,86224.0,118916.0,84908.0,81119.0,63365.0,108718.0,73549.0,94800.0,341986.0,388381.0,46432.0,404962.0,55735.0,495766.0,1020251.0,74475.0,232229.0,1321221.0,677174.0,44689.0,312754.0,318396.0,72822.0,296334.0,176256.0,66359.0,99430.0,93287.0,392258.0,76648.0,90992.0,575951.0,496758.0,846876.0,380.5674,373041.0,542554.0,401934.0,280205.0,53272.0,344647.0,359075.0,45038.0,52079.0,58073.0,641762.8,79668.0,57551.0,76843.0,79552.0,1285904.0,81142.0,92436.0,101383.0,1375627.0,103382.0,56354.0,51430.0,785062.6,59916.0,70870.0,551657.0,61894.0,325488.0,334142.0,43955.28,45472.0,75068.0,696799.7,102417.0,77243.0,491484.0,50507.0,412140.0,383653.0,52681.0,351068.0,102399.7,1551431.0,49505.0,71032.0,55897.0,189932.0,57428.0,54432.65,82180.73,87341.0,73015.0,97469.0,96734.0,457903.0,765051.0,88303.0,63126.0,158369.9,51864.0,493871.0,420052.0,755727.0,61246.0,333507.0,754305.0,72773.0,192677.0,926935.0,632316.0,69803.0,459714.0,346838.0,49364.0
622436,trimethyl-[2-trimethylsilyloxy-1-(4-trimethylsilyloxyphenyl)ethoxy]silane,63154.0,163957.0,81069.0,54720.0,95460.0,92310.0,66030.0,96139.0,96901.0,89945.0,587756.0,86224.0,118916.0,84908.0,81119.0,63365.0,108718.0,73549.0,94800.0,341986.0,388381.0,46432.0,404962.0,55735.0,495766.0,1020251.0,74475.0,232229.0,1321221.0,677174.0,44689.0,312754.0,318396.0,72822.0,296334.0,176256.0,66359.0,99430.0,93287.0,392258.0,76648.0,90992.0,575951.0,496758.0,846876.0,380.5674,373041.0,542554.0,401934.0,280205.0,53272.0,344647.0,359075.0,45038.0,52079.0,58073.0,641762.8,79668.0,57551.0,76843.0,79552.0,1285904.0,81142.0,92436.0,101383.0,1375627.0,103382.0,56354.0,51430.0,785062.6,59916.0,70870.0,551657.0,61894.0,325488.0,334142.0,43955.28,45472.0,75068.0,696799.7,102417.0,77243.0,491484.0,50507.0,412140.0,383653.0,52681.0,351068.0,1220.117,1098.999,2743.401,210.2576,2240.276,1237.005,59776.0,86345.0,79893.0,70325.0,46777.0,63862.0,65677.0,77047.0,75354.0,56860.0,69336.0,36952.0,81345.0,53984.64,53250.77,2143.455,44579.97,60178.0,73532.66,30498.17,35147.0,45883.0,62307.0,57964.0,41783.07,53971.0,59293.0
91726212,4-O-[2-(2-chlorophenoxy)ethyl] 1-O-ethyl butanedioate,9492.295,30837.0,28959.0,9275.08,1541.204,5218.0,9681.0,25114.0,1659.678,15301.64,6358.892,23938.0,4859.0,4903.651,17244.0,12382.0,7895.407,12829.0,15782.0,5558.0,6708.0,5952.0,10924.04,6616.822,1211.0,15628.0,6157.0,11604.0,2750.799,14185.0,9718.0,6112.424,6454.595,9427.0,2075.524,12855.0,5650.0,7627.0,7960.0,7834.0,7785.055,12971.15,7199.0,6333.0,2445.0,6480.662,7097.0,20992.0,5275.416,3870.0,12501.2,3252.846,5262.583,13809.07,17348.0,16660.45,5068.605,23339.0,18028.0,2373.0,6196.0,22975.0,4928.248,22024.42,15469.0,16817.0,2436.057,9953.0,5301.018,4822.0,12818.0,14915.0,5698.246,4682.451,5715.0,2190.137,8498.846,2618.275,9070.57,13202.0,18584.0,12932.0,12042.0,6478.916,3316.195,7958.0,1637.731,4809.148,22176.0,5029.0,9629.0,9673.0,2004.082,6694.0,6240.0,17885.0,18401.0,10850.0,10462.0,26568.0,6424.0,17995.0,6264.0,19980.0,6133.743,2175.09,4316.0,5722.0,457.4908,5746.0,3955.382,10801.62,1082.066,2962.0,7208.0,6591.608,7981.0,8108.0,10987.0,3687.889,1388.457
11230,4-methyl-1-propan-2-ylcyclohex-3-en-1-ol,37270.8,71895.0,39959.0,40154.0,32188.99,23399.0,13886.14,26074.46,44794.0,18557.0,31620.0,41781.0,54095.0,34285.75,20354.0,48453.25,23208.0,20896.38,27331.0,25399.22,19883.22,9247.0,34953.0,32860.0,9591.897,15240.0,20822.0,19210.0,13614.0,24996.0,7548.0,15087.0,18361.79,42563.0,21001.0,63699.82,24313.26,30278.0,43961.85,34789.28,34007.0,30956.0,38597.33,48929.0,52428.0,186129.4,18256.0,113106.9,23074.0,12309.0,45662.97,42662.0,8639.0,24206.84,36320.0,219019.0,16363.0,39114.64,17759.0,56979.0,17779.47,57822.0,32262.09,30548.0,24572.0,75963.0,33457.0,22222.4,26701.0,11190.0,18191.6,25411.0,26400.0,19797.0,14050.0,25104.0,14887.0,8101.0,27471.0,59669.0,35622.0,46904.0,121786.5,13317.0,19020.03,15499.0,8583.555,21027.0,56942.0,15918.0,16147.0,219897.1,35373.0,85265.0,26094.0,22922.0,33971.42,29604.0,22809.0,41080.0,47922.0,35088.0,39273.0,37747.0,17576.0,26703.0,28789.24,36615.2,27676.0,34347.0,8272.091,19722.0,27689.0,11376.0,147144.2,42176.13,67127.89,40789.59,27881.0,11538.0,23122.16
12388,tridecane,21707.0,24692.0,13369.0,15689.0,17069.0,30811.0,13473.0,53757.0,39422.0,37297.0,155833.0,26254.0,32399.0,31547.86,48473.0,19083.0,34939.0,48598.0,25096.0,60383.0,97567.0,13376.0,89643.0,13306.0,187638.0,229784.0,18965.0,41321.0,190864.0,117438.0,7110.0,62550.0,66923.0,12170.0,46311.0,27320.0,28447.0,44506.0,18792.0,156426.0,33015.0,23104.0,120510.0,108532.0,234487.0,33321.0,88639.0,142195.0,100068.0,55560.0,15593.0,71800.0,99149.0,32602.0,71140.0,53404.0,165584.0,155840.9,29781.28,103475.5,51650.17,244068.0,35175.22,63418.38,108999.5,87730.0,39726.98,24960.66,31394.81,204424.0,48462.0,58470.0,271372.0,40235.0,22115.0,115160.0,52548.38,63367.0,91373.0,47371.0,67126.43,85611.46,155569.0,41356.0,120701.0,105552.0,48426.36,13367.0,76061.65,274609.0,34361.45,42202.84,29180.38,48292.0,49839.01,51597.62,54959.0,68369.17,51385.0,54677.13,63080.88,214602.0,232705.0,73131.0,31291.0,42836.0,27392.67,38006.0,123383.0,53623.0,60538.0,99456.0,215824.0,29088.46,16330.0,290644.0,179301.0,72683.0,235198.0,105142.0,31612.0
31355,tris(2-methylpropyl) phosphate ,72875.0,109772.0,113515.0,66902.0,62604.0,70841.0,68927.0,120840.0,78643.0,99057.0,85591.0,98662.0,83233.0,93455.0,95215.0,96265.0,104871.0,73798.0,96430.0,65441.0,43978.0,47921.0,58369.0,53932.0,45357.0,41266.0,50223.0,39353.0,58986.0,57006.0,43111.0,46340.0,46280.0,53874.0,110596.0,71099.0,55975.0,77635.0,56117.0,58009.0,71237.0,100942.0,85673.0,52940.0,64385.0,81180.0,81427.0,77453.0,54518.0,30711.0,35113.0,29396.0,39787.0,66785.0,74375.0,93472.0,65342.0,101347.0,85336.0,97625.0,80290.0,94872.0,97176.0,120206.0,134288.0,123569.0,130538.0,58659.0,45988.0,60009.0,46203.0,60296.0,60959.0,43175.0,43946.0,37349.0,40531.0,30338.0,61192.0,91781.0,94289.0,99306.0,75162.0,31555.0,42370.0,40235.0,36490.0,1901.383,114120.0,75406.0,58643.0,71428.0,75969.0,97669.0,72491.0,59409.0,81637.0,89979.0,86430.0,107808.0,122636.0,92066.0,74913.0,108560.0,47549.0,67322.0,37316.0,31382.0,45420.0,49708.0,53751.0,56886.0,52269.0,53692.0,37198.0,70513.0,101791.0,102496.0,96838.0,26648.0,42508.0
14257,undecane,281444.0,432542.1,378186.0,294211.0,266129.0,375108.0,257148.0,457196.0,455409.0,309496.0,593029.0,430162.0,445387.0,177761.0,417567.0,407717.0,466214.0,455320.0,460567.0,298450.0,375294.0,238937.0,414757.0,252923.0,377870.0,373960.0,291699.0,268926.0,356419.0,300491.0,108924.0,317510.0,305663.0,465203.0,412585.0,365133.0,320355.0,508141.0,370847.0,545735.0,372161.0,396923.0,538373.0,596187.0,533319.0,17867.98,544830.0,607474.0,354905.0,268737.0,276912.0,339041.0,267324.0,237520.0,308810.0,412265.0,364605.0,464135.0,265938.0,354920.0,364165.0,510818.0,394713.0,444579.0,415806.0,613527.0,482834.0,277341.0,300135.0,445883.0,215576.0,315802.0,423064.0,209320.0,277016.0,395078.0,250067.0,258646.0,435549.0,506651.0,387231.0,403001.0,547871.0,247616.0,264382.5,251275.0,255170.0,284137.0,436110.0,540333.0,247666.0,280013.0,294451.0,352791.0,270806.0,263488.0,321971.0,448664.0,414266.0,462856.0,438707.0,621317.0,621245.0,507085.0,256281.0,270632.0,269233.0,387480.0,416907.0,476853.0,233271.0,330868.0,328339.0,235345.0,330677.0,643804.0,505327.0,363064.0,557855.0,269346.0,239809.0
