0,1,2,3,4,5,6,7,8,9,10,11,12,13,14,15,16,17,18,19,20,21,22,23,24,25,26,27,28,29,30,31,32,33,34,35,36,37,38,39,40,41,42,43,44,45,46,47,48,49,50,51,52,53,54,55,56,57,58,59,60,61,62,63,64,65,66,67,68,69,70,71,72,73,74
25171.0,7408.786,14733.0,19142.0,8074.558,148237.0,623054.0,8061.0,6892.533,111573.0,9590.0,49178.0,41587.0,6839.0,5198580.0,17570.0,9651.0,2232.034,11811.0,12919.82,33519.0,26240.99,114490.9,76688.0,270493.1,7372.978,510230.0,32939.0,203402.0,22357.0,18000.0,8505.0,3084820.0,87788.13,7710.176,14774.0,492180.0,25543.0,30504.0,94873.0,33241.0,24816.91,860632.0,12669.05,18819.0,51096.98,3416.014,292225.8,30341.0,42502.0,42502.0,29404.0,21204.0,86872.07,207937.0,16519.0,5888.413,52271.0,43960.71,1705915.0,554.3914,6065.651,30032.0,2678.293,12436.0,97420.0,2694.246,19271.0,63154.0,63154.0,9492.295,37270.8,21707.0,72875.0,281444.0
35426.0,10494.0,13814.0,19610.0,9534.439,151944.0,1049345.0,12293.0,15218.0,260944.0,13902.0,32800.0,39050.0,7771.0,7674692.0,67718.0,14109.0,2888.637,3269.023,4400.186,47186.0,32775.0,106667.0,113125.0,457904.0,6037.228,742059.0,36460.0,431636.0,16139.0,29551.0,19096.0,5764204.0,162142.0,18287.14,13107.0,700518.0,41491.0,35181.0,230146.0,23338.35,23680.0,1133157.0,11765.74,38272.26,148555.0,4805.294,1113944.0,46596.0,71883.0,71883.0,28550.0,28072.0,200303.0,131457.0,17528.0,28092.0,114571.0,66959.0,1935782.0,104543.0,10116.0,38287.0,2951.0,13283.0,159891.0,5271.946,10098.0,163957.0,163957.0,30837.0,71895.0,24692.0,109772.0,432542.1
34209.0,12477.32,16758.0,29740.0,10044.05,244725.0,881756.0,16244.1,10824.05,258261.0,11192.0,84792.0,59843.88,13520.0,6061089.0,58321.0,20204.0,3361.0,4312.0,9799.0,28128.0,50640.21,87147.62,165791.0,469350.0,7282.927,1447991.0,37787.0,228035.0,16877.16,21170.0,6082.0,5694774.0,141013.0,16142.0,11935.0,681167.0,63219.0,48312.0,274172.0,25916.01,27711.0,789319.0,23323.5,19668.0,65098.44,6819.664,406446.0,40766.0,62133.0,62133.0,21702.75,13693.0,148753.0,326175.0,30816.0,44982.82,94620.0,79276.0,1796996.0,79652.0,9636.729,33884.0,7541.0,15858.0,110765.0,4351.0,14218.0,81069.0,81069.0,28959.0,39959.0,13369.0,113515.0,378186.0
21397.0,15453.0,6268.0,23105.0,8678.45,144601.0,895901.0,8661.515,9415.0,249730.0,5678.0,10447.0,22535.0,11528.0,5840030.0,11378.0,8947.0,799.8196,4332.0,16626.0,77844.0,25882.0,105337.5,270198.0,477633.0,5041.0,825122.0,34470.0,257445.7,20513.0,14134.0,9815.0,6763523.0,84522.0,14260.0,11878.0,689525.0,50510.0,37634.0,142833.0,8100.0,17872.0,541806.0,2562.0,18679.0,51782.0,3433.0,368076.0,24664.0,46258.0,46258.0,13966.0,9666.0,481274.0,204560.0,30844.0,56515.0,105344.0,27984.44,2033090.0,73158.0,7363.0,25083.0,41815.0,7423.0,165803.0,3073.0,6313.0,54720.0,54720.0,9275.08,40154.0,15689.0,66902.0,294211.0
214153.0,9553.717,7703.0,44749.0,17280.0,110868.0,638956.0,8965.0,5740.0,181964.0,8574.0,185993.0,12794.0,5423.0,6259983.0,2337.679,7671.0,1172.607,9049.0,6507.0,16308.0,15814.0,201136.0,37209.0,371541.0,10133.0,227185.8,65701.0,81001.0,12376.0,18789.0,2621.0,2360428.0,38297.0,6422.0,13122.0,440372.0,24284.0,17444.0,101951.0,14339.0,27021.0,190582.0,6374.0,18089.0,58110.0,6017.0,659296.0,28559.0,43475.0,43475.0,9540.0,13433.86,91573.0,9795.0,2407.843,15839.0,324815.0,10048.0,1796892.0,84972.0,6305.0,23847.0,4323.0,8770.0,19903.0,3366.0,7415.0,95460.0,95460.0,1541.204,32188.99,17069.0,62604.0,266129.0
26195.0,8565.384,11520.0,26945.0,8977.0,118199.0,911734.0,12722.0,10520.0,193911.0,10886.0,13801.0,20304.0,14472.0,6282203.0,9372.0,8486.0,1104.57,6023.0,18523.0,15127.0,24067.0,143917.0,1140179.0,416492.0,149599.0,474362.0,41378.0,266680.9,15491.0,27353.0,3786.0,4168952.0,77674.0,7215.322,21696.0,733704.0,38965.0,30550.0,106632.0,12611.0,47809.0,415001.0,2649.0,42144.0,153443.0,5703.0,396334.0,42236.0,68280.0,68280.0,13880.15,8733.0,60535.0,34387.0,13955.0,9741.0,180533.0,18471.0,4185722.0,81927.0,15907.0,38265.83,6677.0,9886.118,115937.0,4969.507,11552.0,92310.0,92310.0,5218.0,23399.0,30811.0,70841.0,375108.0
35519.0,9487.618,5838.0,23875.0,7383.869,111010.0,489266.0,6899.33,9773.209,139529.0,6843.0,77433.0,15580.17,6320.0,3207118.0,5730.0,9158.0,39699.0,1951.709,8777.0,8983.0,20777.0,105629.0,382841.0,394663.0,7255.0,214170.8,38083.0,285571.0,10202.0,11269.0,5035.0,1855372.0,28522.0,6074.0,5950.702,587448.0,21631.0,23398.0,100782.0,7830.0,10364.0,729954.0,4851.0,14471.0,35706.0,4712.0,5224.0,27594.0,41554.0,41554.0,11755.0,3748.0,75639.74,7415.0,9411.0,4849.0,45443.4,8161.0,764876.0,1411.246,5628.0,20955.0,14615.0,6846.0,114208.0,3367.665,5268.0,66030.0,66030.0,9681.0,13886.14,13473.0,68927.0,257148.0
33562.0,13444.0,11079.0,43728.0,9307.986,189230.0,548009.0,11760.0,12605.0,290363.0,10198.0,113273.0,77180.0,12674.0,6458989.0,14981.0,109183.0,68715.0,4465.275,13918.68,29955.0,64656.12,90116.0,100952.0,287576.0,32495.92,1565351.0,54658.0,237405.0,15838.95,12229.0,6336.0,3834201.0,88114.0,17638.0,25429.0,1186277.0,59740.0,58372.0,846639.0,14548.0,37397.0,1142505.0,21769.97,21559.02,85803.37,5886.0,338628.0,38601.0,84788.0,84788.0,15551.0,58412.54,63585.0,177229.0,23994.0,10395.0,90913.0,53170.0,2402561.0,85130.0,16442.42,46248.0,8350.0,19717.0,69131.0,4286.0,30956.0,96139.0,96139.0,25114.0,26074.46,53757.0,120840.0,457196.0
30236.0,13670.0,12114.0,40643.0,19480.0,185884.5,1312278.0,11863.0,15045.0,208200.0,12076.0,112678.2,22538.0,10773.0,6102384.0,3761.0,5614.0,5448.0,13774.0,12766.0,11495.0,32850.0,197533.0,1315293.0,781447.0,10277.0,579830.0,40318.0,519234.0,22539.0,8818.0,9877.0,6225743.0,112670.0,11557.0,20828.0,850577.0,40865.0,48546.0,170301.0,19485.0,35280.0,586267.0,6611.0,32165.0,83238.22,8007.0,503476.0,38348.0,71517.0,71517.0,19333.33,8026.467,81589.0,53919.0,26029.0,4730.0,80001.0,18485.23,2427561.0,78110.0,11850.0,43356.0,13381.0,9309.0,275158.0,4519.0,11215.0,96901.0,96901.0,1659.678,44794.0,39422.0,78643.0,455409.0
202042.0,13849.0,10435.0,42665.0,9839.0,189689.7,416394.0,10990.0,11739.0,140310.0,31896.0,97774.78,15174.0,10035.0,6092446.0,16858.0,6296.241,3695.0,2049.438,26098.0,5907.0,14475.0,74245.81,1407083.0,219370.0,14485.0,37277.0,38578.0,81044.0,11499.0,9775.0,3491.0,746631.0,22841.0,3506.0,44973.0,977010.0,28744.0,29724.0,86997.0,10727.0,44197.0,363333.0,12659.0,25181.4,74003.0,5280.0,285740.0,32386.0,52894.0,52894.0,13634.0,10266.0,270483.0,5753.0,615.9293,1112.745,51234.0,37602.0,2887269.0,77462.0,13963.0,41115.0,8748.0,59823.78,10994.27,3378.0,11433.0,89945.0,89945.0,15301.64,18557.0,37297.0,99057.0,309496.0
431180.0,17507.82,15523.0,65354.0,13753.0,204868.0,1031269.0,56760.0,10742.67,164319.0,4301.0,316114.0,30528.0,1046.057,7406651.0,12194.0,97155.0,4262.0,6626.0,37069.0,3041.171,16574.0,147663.9,258642.0,691871.0,29324.0,164834.0,54059.0,146169.0,45214.0,17795.0,8838.0,3375532.0,49127.0,8723.785,4314.159,723816.0,13554.0,29359.0,128164.0,13013.0,19426.0,65787.54,12489.0,16159.0,44067.0,5486.0,423491.0,43874.0,133045.0,133045.0,12169.0,3683.818,156727.0,13187.0,4818.0,31654.0,286724.0,11951.51,523325.0,97763.0,5864.0,73999.0,14004.0,5849846.0,76042.0,8287.0,8979.0,587756.0,587756.0,6358.892,31620.0,155833.0,85591.0,593029.0
29238.09,10346.0,11795.0,27494.0,11385.33,170920.0,1694665.0,11579.0,14935.65,144522.0,17388.0,106816.0,18903.0,9977.0,6183698.0,40293.0,8659.0,6049.0,6147.0,9933.842,7379.0,28082.0,107057.9,375165.0,864819.0,5118.093,556722.0,46032.0,656010.0,8383.557,421613.8,8984.0,8624332.0,175891.0,18035.0,12592.0,664718.0,30570.0,57031.0,196633.0,19559.0,23305.0,385756.0,3583.0,18587.09,53650.0,6575.0,451891.0,33838.0,67837.0,67837.0,10921.0,9339.0,237592.0,120898.0,24645.0,1341.325,95155.0,49654.77,2319862.0,76938.0,9964.0,35436.0,1920.439,15367.0,302046.0,5153.0,8261.0,86224.0,86224.0,23938.0,41781.0,26254.0,98662.0,430162.0
106970.0,16189.0,9334.0,24140.0,15865.0,204041.0,1262815.0,12283.0,9678.0,272429.0,10584.0,112192.0,19463.0,11958.0,7395881.0,6016.0,7096.5,3457.0,5184.0,9685.0,15368.0,36055.0,173351.0,2238.305,788955.0,5297.0,607858.0,46155.0,616304.0,21453.0,447536.1,8303.0,4049640.0,70156.41,12447.0,14506.93,829256.0,31111.0,27591.0,147223.0,40837.0,28455.0,1055024.0,21453.75,28148.0,85272.0,5679.0,595346.0,41656.0,74692.0,74692.0,19338.27,4817.01,150029.0,26295.0,7861.0,26161.0,172231.0,19942.0,1767355.0,98080.0,17180.0,34571.0,4084.0,5072.0,199093.0,5212.0,7633.0,118916.0,118916.0,4859.0,54095.0,32399.0,83233.0,445387.0
305375.0,8438.0,18101.0,76560.0,48497.0,124020.0,691424.0,13736.3,13704.23,161052.0,10319.0,71074.0,16955.43,14662.0,1695600.0,18741.0,4024.0,2824.0,5142.773,9855.0,4813.281,13392.0,487811.0,14561.0,452944.0,13676.0,86295.0,28395.0,62963.0,25592.41,4408.0,5073.0,1703678.0,21046.66,2609.305,19605.0,802057.0,21218.0,21072.0,17034.0,14432.0,28659.0,76200.45,12730.02,20142.0,66514.37,9460.0,541113.0,12123.0,28143.0,28143.0,9125.0,3851.437,267998.7,10887.34,1119.334,15323.0,39806.0,8176.0,2394305.0,19870.0,13289.0,29257.0,6306.0,2627966.0,25429.54,1381.822,9037.0,84908.0,84908.0,4903.651,34285.75,31547.86,93455.0,177761.0
237614.0,22258.79,7608.0,46505.0,14553.0,212308.0,642068.0,15147.0,8280.661,461411.5,15687.0,13094.0,30895.0,9796.0,7042804.0,17917.0,8827.0,6361.0,7648.0,6890.742,45845.0,34689.0,131226.0,186416.0,391287.0,8842.735,119365.0,50329.0,139289.0,18788.0,12558.0,6856.0,1344945.0,38554.0,4015.831,47199.0,1019130.0,62609.0,26383.0,109324.0,11776.0,84863.0,1121467.0,10029.0,24637.0,59883.0,5178.0,408466.0,39363.0,73165.0,73165.0,20769.0,11463.13,89004.0,6688.66,701.3539,46646.0,103207.0,43898.0,6454553.0,95131.0,13974.0,40057.0,58487.0,75838.4,14327.31,4472.0,15988.0,81119.0,81119.0,17244.0,20354.0,48473.0,95215.0,417567.0
12626.54,13419.0,12010.0,506098.0,15532.68,166386.0,721124.0,10731.0,7289.627,201342.0,11243.0,85380.0,16536.0,7547.0,7504285.0,11738.0,6191.0,10226.0,19288.0,22314.0,9132.466,15085.0,148454.7,53186.0,386539.0,9398.0,479055.8,38814.0,183634.0,23215.0,11896.0,4266.0,3578083.0,59699.0,7481.0,40177.0,708582.0,35503.0,29376.0,108379.0,21599.0,76826.0,720677.0,3058.246,21822.0,73066.0,5566.0,556764.0,35503.0,64163.0,64163.0,15551.0,12122.73,47802.0,58440.0,21922.0,1488.8,130346.0,9300.58,4434374.0,95783.0,14580.0,27857.0,12774.0,10512.0,78400.0,4553.0,17311.0,63365.0,63365.0,12382.0,48453.25,19083.0,96265.0,407717.0
42061.0,14966.0,9380.0,147204.0,15950.0,225522.0,712443.0,13258.0,7460.0,233660.0,16734.0,117815.0,24966.59,9862.0,4428128.0,5695.533,6974.263,100058.0,8566.0,56934.0,12801.0,26462.0,192764.0,2893.707,393644.0,19350.0,439923.0,42084.0,267248.0,22438.0,209856.9,2205.973,1960034.0,40993.0,7125.542,35628.0,850336.0,35262.0,28113.0,83877.0,13398.0,65020.0,1223544.0,17656.24,23857.0,66302.0,5842.0,9184.0,39942.0,76002.0,76002.0,26300.0,8123.0,49982.26,21839.0,13546.0,8152.0,5116.123,13237.0,3415302.0,624.0789,18557.0,40393.0,12031.0,9874.0,101183.0,5211.0,10270.0,108718.0,108718.0,7895.407,23208.0,34939.0,104871.0,466214.0
27835.0,19252.0,9224.0,42305.0,9953.0,179261.0,498110.0,58388.0,11975.0,306294.0,4864.0,78685.0,28764.3,2406.342,7720883.0,11023.0,107888.0,2883.0,4549.0,15107.0,37574.0,51472.0,118855.0,4235.672,244493.0,18512.0,1279317.0,42337.0,209721.0,14514.0,15029.0,17855.0,2985785.0,51194.0,13085.0,10288.0,578815.0,51538.0,33809.0,432046.0,8688.0,23618.0,1233158.0,3577.0,18427.0,49265.4,4732.0,279711.3,39506.0,77207.0,77207.0,27307.0,258130.0,116826.0,60916.0,12820.0,9851.0,201078.2,43696.92,628519.0,99999.0,10208.0,39838.0,9491.0,8078.0,63452.0,4585.0,7587.0,73549.0,73549.0,12829.0,20896.38,48598.0,73798.0,455320.0
19608.99,8804.0,8087.0,22833.0,15981.0,104342.3,1321583.0,10686.0,20164.0,157402.0,7010.59,18723.0,18600.0,8531.0,7589670.0,11840.0,4404.0,6389.0,14450.0,40122.0,7602.0,18749.0,159947.0,385247.0,744747.0,4668.696,535358.0,36667.0,634725.0,20332.0,43784.71,4784.0,6372414.0,99676.0,8208.612,12875.0,720821.0,34201.0,34749.0,89190.0,14968.0,28521.0,592716.0,3354.116,38869.0,140469.0,6572.0,187632.2,38356.0,70423.0,70423.0,12546.6,10729.0,74031.0,41633.0,23062.0,2030.0,156455.5,15265.56,2890366.0,99370.94,8828.0,28608.0,3630.0,6656.0,243436.4,5665.0,5256.0,94800.0,94800.0,15782.0,27331.0,25096.0,96430.0,460567.0
19490.28,11281.0,1853.588,21287.0,7390.379,88774.0,435619.0,6853.0,4771.76,113502.0,7456.0,264348.0,22929.0,6621.0,3521039.0,1774.633,13041.0,1307.682,1375.62,2719.356,14387.0,27580.09,74293.0,152201.0,195698.0,6355.0,1072753.0,30278.0,154013.0,20855.0,5944.0,4411.0,3168793.0,60433.0,11723.0,22995.0,869466.0,23416.25,34526.0,627548.0,3294.0,28456.0,524120.0,12239.47,15870.0,40891.0,3855.0,3328.675,21519.0,46781.0,46781.0,6154.0,6009.0,46825.0,122048.0,13931.0,6072.0,23160.85,82378.79,2031271.0,19040.75,8816.0,30950.0,4704.0,5542.0,73308.0,2381.611,10053.0,341986.0,341986.0,5558.0,25399.22,60383.0,65441.0,298450.0
14597.87,11819.0,2288.061,18627.0,7491.0,104727.0,409548.0,24544.0,5766.0,107130.0,1417.144,209476.0,11470.0,1022.801,4597252.0,5576.0,32199.0,2229.469,3208.0,2452.062,8178.0,24043.0,62599.0,274863.0,189480.0,12553.0,1397398.0,30599.0,164343.0,30437.0,7008.0,6024.049,2047046.0,51388.0,8847.0,1718.309,478354.0,14542.0,25005.0,348395.0,4347.0,8664.0,382530.0,1923.897,8435.0,21367.0,3091.0,288030.0,23588.0,74739.0,74739.0,8579.0,5975.0,29674.32,78570.0,8937.0,1330.123,98697.0,41731.2,277782.0,56607.0,3868.0,39587.0,3442.0,5091.0,71931.0,5274.134,4266.0,388381.0,388381.0,6708.0,19883.22,97567.0,43978.0,375294.0
10803.11,9555.0,2919.0,21298.0,8982.0,99910.0,302004.0,26291.0,7559.479,123314.0,3489.0,58646.33,14368.0,1089.605,3094174.0,2153.586,55564.0,3974.0,4594.0,4225.0,8081.0,15038.0,90157.0,739616.0,158580.6,7401.0,164602.6,25038.0,188935.0,11211.31,8049.0,6928.0,1396348.0,32163.0,3641.525,3803.0,230407.0,21579.0,17753.0,67379.0,5267.652,12549.91,313988.0,2856.0,11395.0,29843.0,3946.0,303424.6486,21917.0,38024.0,38024.0,7924.233,7732.484,46963.0,11216.0,10257.0,1971.137,12501.95,5725.0,317710.0,12006.05,4546.0,17338.0,6339.0,4562.0,68490.85,2561.554,5260.0,46432.0,46432.0,5952.0,9247.0,13376.0,47921.0,238937.0
30437.34,12563.5,2289.786,28696.0,6813.0,107256.0,689718.0,26790.0,11842.29,167620.0,2755.853,247826.0,39468.0,1296.105,5797646.0,7127.0,57288.0,2352.618,2775.854,5532.0,19930.0,23520.0,56021.16,58696.0,287065.0,14164.0,528345.0,27440.0,228795.0,23479.0,8429.0,4944.0,2987779.0,79966.0,5921.0,3393.834,471473.0,24343.0,24955.0,103975.0,10151.0,9958.0,861263.0,3741.0,15258.0,52698.91,3904.192,339648.4,27822.0,82050.0,82050.0,8038.0,20500.17,81020.0,63418.39,9910.0,5743.871,68125.0,44036.48,305060.0,74817.0,3832.734,34384.0,9338.0,11980.0,107967.0,4762.0,13314.0,404962.0,404962.0,10924.04,34953.0,89643.0,58369.0,414757.0
20547.8,11894.0,2290.279,44998.0,7807.542,116257.0,9932.873,22130.0,8381.0,120170.0,3032.397,64205.0,20075.99,1272.925,7743.0,2744.0,58907.0,1739.882,1322.63,5601.0,5803.0,22603.0,2332.501,101079.0,236382.8,7807.198,215114.0,23733.0,4683.354,5071.0,4997.264,458.4592,3328009.0,62632.0,3338.094,3473.876,284829.0,23841.0,22381.0,641.906,4121.114,9455.0,328539.0,3666.086,10252.0,26831.0,3830.254,649.8689,775.7346,42625.0,42625.0,5336.0,7672.0,2832.287,21606.0,22128.0,2034.4,106498.4878,12985.49,287405.0,175.9564,3719.0,17670.0,26597.0,6368.0,194928.0,13567.0,5070.0,55735.0,55735.0,6616.822,32860.0,13306.0,53932.0,252923.0
86373.0,13206.0,3031.0,17984.0,13107.0,118276.0,277201.0,23203.0,9463.0,112823.0,5552.603,328447.0,8675.0,1226.14,4947580.0,830.668,20955.0,1688.816,5589.0,5111.0,9308.0,9553.0,108391.8,75751.0,102061.8,11415.77,54051.0,22817.0,40002.0,50039.0,7349.0,1337.342,296117.0,19616.0,1273.152,2231.326,693017.0,14523.0,10568.0,32218.0,4645.0,8379.0,327774.0,4253.0,15226.0,50463.44,4814.0,402524.0,26276.0,82210.0,82210.0,8680.0,5576.0,84839.0,2124.815,299.2566,3691.0,55719.0,12863.85,275092.0,60700.0,6521.0,59779.0,38359.0,4625.0,6414.426,5249.0,4697.0,495766.0,495766.0,1211.0,9591.897,187638.0,45357.0,377870.0
154821.0,17511.9,2127.728,45602.0,8859.0,101650.0,1155610.0,24912.55,11070.21,207108.0,1840.878,444097.0,9496.0,1683.738,4197729.0,35217.0,44548.0,2428.814,2328.306,3742.0,3029.0,8177.0,53541.0,233226.0,700029.0,10169.0,173045.0,52750.0,180970.0,34470.0,12152.0,14002.0,4102205.0,48844.0,9395.0,2158.694,600865.0,9874.0,16567.0,174377.0,10566.99,9954.453,245439.0,9320.0,18031.0,65359.0,3180.0,37378.71,23864.0,67144.0,67144.0,7314.0,5498.0,86852.0,9429.063,2508.0,2641.896,60314.41,26524.0,304330.0,37433.89,6137.0,56084.0,4044.0,60731.18,125690.0,4845.239,4045.0,1020251.0,1020251.0,15628.0,15240.0,229784.0,41266.0,373960.0
19014.65,8106.0,2487.0,28326.0,11137.0,95858.0,826439.0,6851.0,7152.0,145008.0,6203.0,9880.0,17530.0,4662.0,4520530.0,1934.022,4388.0,10463.0,4572.0,10363.0,1006.563,26361.65,107475.7,1657.269,473050.0,6950.0,351841.0,27056.0,309021.0,17743.0,11999.0,5255.0,3554729.0,76684.39,6273.0,9853.0,509030.0,25532.0,30186.0,94355.0,6951.866,21029.0,368243.0,10835.08,17965.0,44853.0,8083.0,32072.7,24905.0,46246.0,46246.0,8945.0,4509.0,61371.0,43901.0,13557.0,3244.0,53263.6,7950.2,1549581.0,44049.95,7904.0,23341.0,6670.0,6492.0,131321.0,2561.2,7593.0,74475.0,74475.0,6157.0,20822.0,18965.0,50223.0,291699.0
13882.79,8462.0,3351.607,38112.0,8844.0,86455.0,776611.0,5386.0,4161.0,107786.0,6149.0,159038.0,12306.27,4603.0,4621744.0,6932.0,2885.0,11975.0,5900.0,13145.0,5030.0,10880.0,74561.0,81398.0,422194.0,6814.0,217189.0,25780.0,465496.0,16506.0,10290.0,3744.655,2822158.0,75485.0,5701.0,12495.0,656971.0,13223.0,24363.0,55973.0,19159.0,27433.0,518411.0,2626.889,11393.92,31323.78,3536.0,237303.0,22615.0,43110.0,43110.0,9476.0,8443.008,45368.0,13069.0,12473.0,494.7063,63688.0,7637.0,1819303.0,57815.0,6179.0,28293.0,2946.765,9203.0,183020.0,2252.116,7496.0,232229.0,232229.0,11604.0,19210.0,41321.0,39353.0,268926.0
18461.01,9834.596,2487.517,14288.0,11489.0,115779.0,894328.0,5052.0,5779.0,139495.0,4414.0,404149.0,11189.0,5307.0,3960073.0,765.4455,8384.0,6228.0,3145.0,1454.477,14713.0,17670.0,156027.7,66274.0,407471.0,2000.988,518607.0,37687.0,244666.0,46182.0,14115.2,6417.0,5093464.0,102547.0,8271.0,3406.12,877556.0,15480.0,22064.0,158932.0,5746.0,6787.0,424750.0,11852.06,11469.0,28744.09,4187.0,36850.63,23645.0,64908.0,64908.0,7775.915,5134.768,66463.0,83390.0,8329.0,26999.0,50128.95,12113.53,481209.0,30076.51,7719.0,49337.0,2490.093,4559.0,57607.0,4178.0,4527.0,1321221.0,1321221.0,2750.799,13614.0,190864.0,58986.0,356419.0
403456.0,17372.0,2642.03,64042.0,7819.0,160884.0,1098997.0,28637.0,8195.0,62491.0,2481.954,307746.0,17000.0,2342.361,3391541.0,13843.0,65494.1,14138.0,1467.952,273.3806,57056.0,5009.0,84399.0,238565.0,563743.0,7133.0,439861.0,50075.0,151173.0,24781.0,11522.0,22248.0,5264557.0,46875.0,10102.0,2602.16,635280.0,20235.0,15846.0,271758.0,4342.0,10552.0,698429.0,15279.0,9828.0,26196.25,3389.0,51119.65,21216.0,51232.0,51232.0,11214.4,5358.0,199262.0,55710.0,1196.318,5307.0,64809.55,25039.57,313513.0,25098.73,4822.0,38483.0,3252.0,133329.6,90350.0,2747.727,4696.0,677174.0,677174.0,14185.0,24996.0,117438.0,57006.0,300491.0
8121.712,8921.497,3125.0,19069.0,8915.0,122868.0,185943.0,35508.0,10163.0,102587.0,2305.954,50158.0,11465.0,1260.177,1069519.0,5534.0,32868.0,11457.0,1338.275,7437.0,6842.0,7800.0,61004.0,49159.0,103322.0,8928.0,231788.0,16094.0,57104.21,6885.01,3159.0,1343.84,1360741.0,19791.0,2443.282,4429.0,232741.0,18100.0,10929.0,45592.0,4181.0,12941.44,286157.0,892.8911,12758.0,30313.07,4198.0,1263.736,7032.0,16069.0,16069.0,6219.907,4819.0,6279.93,15125.0,9895.0,892.2012,4434.647,2264.218,329399.0,4639.959,4295.0,13347.0,6298.0,3043.951,34502.0,1068.089,4398.0,44689.0,44689.0,9718.0,7548.0,7110.0,43111.0,108924.0
325870.1,6147.39,1658.98,47497.0,7542.0,75419.0,667630.0,7188.0,5572.0,82529.0,2524.585,224454.0,13335.0,8061.0,4446438.0,3516.0,2817.0,2419.843,538.2292,8189.0,1824.088,12347.0,56606.0,695811.0,314275.0,3264.0,107505.0,22054.0,105919.0,11723.94,9834.0,4770.0,1474826.0,39519.0,5865.872,7612.0,578077.0,8240.0,26134.0,61451.0,3360.0,16583.56,50576.26,9404.0,13010.0,30562.0,3601.0,221013.8,25129.0,55965.0,55965.0,2335.653,1369.528,121272.0,3866.594,2535.735,3221.0,143817.4,9845.0,1252466.0,59875.0,5909.0,34163.0,5935.0,4299094.0,85484.0,2419.487,6186.0,312754.0,312754.0,6112.424,15087.0,62550.0,46340.0,317510.0
17653.68,10409.84,2078.813,17605.0,7889.0,137113.0,520883.0,24253.0,5003.585,85433.0,1129.832,160295.0,12200.0,1311.695,4495907.0,4267.0,48818.0,2318.492,2059.88,458.3836,11354.64,26006.0,76648.0,38093.0,290309.0,4483.0,759021.0,25643.0,351477.0,18328.0,8486.0,12858.0,2784528.0,72945.0,16845.0,1867.805,402576.0,11946.0,25747.0,762438.0,4205.0,9679.0,290228.0,8518.451,7640.0,19136.0,2703.0,147846.3,24950.0,54046.0,54046.0,7343.0,6237.0,76715.0,82553.0,13184.0,671.0995,78238.86,66683.23,287490.0,58931.0,3574.0,33806.0,2940.0,10285.0,125177.0,2928.171,4256.0,318396.0,318396.0,6454.595,18361.79,66923.0,46280.0,305663.0
466459.0,6870.0,2437.396,98568.0,13302.0,100118.0,2330514.0,8233.0,5549.144,98680.0,3969.0,86931.0,25285.07,7376.0,7795316.0,3827.0,2306.62,2570.117,3203.77,2105.855,2532.0,10450.0,144066.3,612970.0,938074.0,3708.0,620557.0,47420.18,289498.0,8776.0,223929.8,11593.0,7055413.0,44740.52,18667.0,14353.0,668675.0,9139.0,18781.0,169753.0,7243.0,31331.0,84684.0,26755.0,17574.0,37711.0,5206.0,519469.0,40543.0,70271.0,70271.0,4747.0,2287.186,183973.0,15211.58,4613.0,3885.0,218061.0,22237.23,2384842.0,97887.0,7753.0,22154.0,2317.7,4270871.0,222947.0,5497.0,8916.0,72822.0,72822.0,9427.0,42563.0,12170.0,53874.0,465203.0
76080.59,15771.63,5148.0,20796.0,17714.0,151595.0,813201.0,10340.0,40590.0,161060.0,13363.0,707338.0,25435.0,9942.0,6002144.0,1211.115,7450.0,2626.0,6734.0,5205.896,11287.0,13130.0,132708.5,516965.0,385571.0,14807.44,535191.0,39545.0,183408.0,24633.0,12152.0,6405.0,2534713.0,48907.0,6790.0,18635.0,894095.0,28640.0,19363.0,102909.0,10617.0,29088.0,511246.0,4714.681,77320.0,227446.0,7025.0,372830.0,38894.23,69314.0,69314.0,11380.0,5538.0,53636.0,16966.25,5816.0,4649.0,64574.0,11105.0,2331307.0,69464.0,17281.0,42130.0,8392.0,29917.72,452847.0,3809.0,12456.0,296334.0,296334.0,2075.524,21001.0,46311.0,110596.0,412585.0
397372.0,6102.0,5434.0,96623.0,15517.0,137334.0,1119604.0,13017.0,20585.0,176570.0,10637.0,433223.0,23157.04,10375.0,4999225.0,4778.0,4954.0,4061.0,9198.0,11503.0,2415.154,30818.0,104620.0,1854095.0,785287.0,10479.0,68202.0,37783.0,96785.0,14542.0,21773.0,8148.0,3657635.0,34638.0,5885.173,14456.0,707818.0,16992.0,33004.0,64488.0,21118.73,32576.0,163039.0,17214.0,62345.0,172211.0,6019.0,186326.0,28278.0,58600.0,58600.0,6664.76,2736.0,96431.0,3118.069,688.4479,9172.0,249379.0,27640.0,1657759.0,60597.0,13934.0,30098.0,4101.0,4509377.0,27904.0,3360.0,4768.0,176256.0,176256.0,12855.0,63699.82,27320.0,71099.0,365133.0
206126.0,10005.0,5272.0,36063.0,22100.0,139429.0,498611.0,10133.0,4292.45,259086.0,7605.986,85606.0,22258.0,5315.0,5590889.0,4580.0,4060.0,3166.725,36202.0,44950.0,6280.0,19186.0,308210.0,914.785,223532.7,7319.0,60618.0,28482.0,109389.0,22373.91,11351.0,2704.0,542601.1,28951.0,1886.331,33982.0,1234267.0,42518.0,11099.0,49838.0,4780.0,76367.75,1189518.0,6748.0,16151.0,60635.85,7349.0,654861.0,28175.49,52837.0,52837.0,33988.93,10881.0,65010.0,7212.351,163.4478,8769.0,85310.0,38696.0,3896589.0,74958.0,22762.0,32492.0,8737.0,54664.16,8085.573,3023.609,9392.0,66359.0,66359.0,5650.0,24313.26,28447.0,55975.0,320355.0
425199.0,6817.0,2522.0,75339.0,8698.047,138168.0,1195430.0,7605.0,14132.0,423354.0,2913.601,216977.0,13577.95,9382.0,5427406.0,5398.0,7854.0,2623.0,823.6602,2790.0,3858.0,13373.0,88902.73,1849882.0,657840.0,8726.0,439045.0,55982.0,165693.0,9758.0,10655.0,7443.0,3158509.0,46312.46,9115.0,5766.0,743244.0,13880.0,26176.0,214088.0,2970.0,13250.0,326818.0,12989.0,23484.0,55532.0,5342.0,390956.0,33870.0,108904.0,108904.0,6995.0,6327.0,116533.0,18156.0,2682.507,978.5074,121748.0,23158.25,827917.0,67290.0,6060.0,30154.0,5781.0,149263.6,67399.04,5205.0,5724.0,99430.0,99430.0,7627.0,30278.0,44506.0,77635.0,508141.0
24550.37,6615.0,2019.267,35178.0,9859.0,124021.0,1055935.0,6275.0,9783.0,156357.0,7060.0,137679.6,17718.0,7382.0,5996811.0,2624.0,4586.0,2008.801,345.8965,5848.0,5497.0,18766.0,103960.9,24753.0,467372.0,4132.0,367260.0,33322.0,444766.0,6231.374,13975.0,2797.618,4910726.0,104845.0,10427.0,6217.0,420274.0,28383.0,31318.0,112881.0,3220.0,13628.0,417796.0,3857.921,20054.0,64264.0,5816.0,315175.0,33574.0,55727.0,55727.0,6761.0,5392.0,253407.0,36867.0,14643.0,448.2617,81764.0,36951.0,1145421.0,74569.0,8659.0,27325.0,3830.062,10677.0,166342.0,4185.0,5400.0,93287.0,93287.0,7960.0,43961.85,18792.0,56117.0,370847.0
144897.0,14919.0,2520.127,57633.0,10431.1,133699.0,527168.0,40814.34,7663.0,206208.0,3613.825,268781.0,20136.0,1487.069,7348882.0,4394.0,59662.0,4956.0,2542.452,5242.0,14677.0,22702.0,106243.7,60969.0,215896.0,24750.0,61903.0,37570.0,115570.0,39682.0,11412.0,4889.0,608260.1,50009.87,3684.975,3176.716,780715.0,21777.0,13930.0,130773.0,5203.0,12865.0,703709.0,11312.0,11630.0,30212.0,4800.155,354222.0,42050.0,116475.0,116475.0,16132.0,11900.0,99274.0,8888.784,574.3793,3317.0,101094.0,31805.0,489480.0,96492.0,5582.0,66954.0,11164.0,57838.03,11139.64,7200.0,6660.0,392258.0,392258.0,7834.0,34789.28,156426.0,58009.0,545735.0
18831.49,8293.0,17377.0,15122.0,17351.0,145945.0,846673.0,9700.0,10652.0,177175.0,8839.0,106963.3,16229.04,14421.0,5728891.0,4738.0,7877.0,3587.0,5904.0,38551.0,8043.0,23216.0,150011.9,5043127.0,404473.0,3913.909,661040.0,36124.0,324658.0,35997.0,15043.0,4660.0,2964784.0,82804.0,11047.0,14425.0,779880.0,44644.0,35220.0,143011.0,9817.0,29095.0,454357.0,1834.301,21081.0,62835.41,6384.549,383823.0,34767.0,64291.0,64291.0,14655.0,8313.0,256954.0,48182.0,41839.0,2691.742,150149.0,15664.0,2780487.0,71241.0,14794.0,34460.0,3612.0,5920.0,209568.0,3795.0,10960.0,76648.0,76648.0,7785.055,34007.0,33015.0,71237.0,372161.0
36871.0,8945.0,6104.0,35572.0,14438.0,169818.0,999048.0,12945.0,15727.0,205038.0,17566.0,106107.0,63688.0,19635.0,6630462.0,4370.0,12142.0,8004.0,7815.0,7241.234,21874.04,37093.08,123383.0,458192.0,451235.0,25348.0,1284964.0,43793.54,389838.0,19801.46,13881.0,10410.0,4626696.0,116544.0,11196.0,21772.0,749744.0,39771.0,38819.0,146336.0,20195.0,50303.44,1322673.0,14402.3,67198.0,153486.2,6601.0,402752.0,34900.0,56746.0,56746.0,12189.0,28757.0,84345.0,151947.0,19452.0,10059.0,98783.0,60122.0,1890431.0,78496.0,30624.0,32741.0,4446.0,16527.0,155966.0,4197.0,23983.0,90992.0,90992.0,12971.15,30956.0,23104.0,100942.0,396923.0
300054.0,20005.0,2090.91,72234.0,12510.94,170611.0,1144074.0,57188.0,15622.29,813238.0,1888.394,297720.0,21118.0,2389.596,7092315.0,2041.049,53528.0,1016.191,614.4124,10425.0,7447.811,13874.0,103850.0,127234.0,725993.0,20130.0,447680.0,81075.0,203128.0,26669.0,14021.0,7400.0,3954986.0,50362.0,15910.0,3770.0,730893.0,16708.0,22673.0,211197.0,2892.0,16766.0,1081971.0,12057.0,18972.0,51635.0,5457.0,399390.0,41864.0,95557.0,95557.0,12460.0,13353.0,166749.0,19206.0,7239.0,399.3395,135054.0,20124.65,595796.0,93326.0,6148.0,61955.0,10278.0,7524.0,125176.0,4767.0,7167.0,575951.0,575951.0,7199.0,38597.33,120510.0,85673.0,538373.0
568744.0,17760.0,2648.281,116342.0,12059.46,148100.0,1653592.0,37402.0,12383.0,229699.0,2069.586,266031.0,17357.07,2249.289,7709896.0,2963.152,31664.0,974.0337,3542.627,2384.546,13415.0,14601.0,138218.0,8477.0,1013537.0,21586.0,668666.0,92326.0,183629.0,22101.0,16588.0,12866.0,4787666.0,53591.05,11035.0,2938.0,476906.0,16361.0,19824.0,190925.0,5905.0,14893.0,729805.0,24128.0,20652.0,53104.0,5387.0,412660.0,44757.0,100552.0,100552.0,15486.0,15822.0,188458.0,11394.0,2111.561,8984.0,216632.0,20391.0,522553.0,104875.0,5643.0,60287.0,5250.0,186563.6,59213.0,6240.0,4861.0,496758.0,496758.0,6333.0,48929.0,108532.0,52940.0,596187.0
679193.0,19044.29,5635.0,146737.0,17538.0,166393.0,1462699.0,51381.38,9406.0,141298.0,2367.403,418377.0,23209.0,1740.532,5930460.0,1147.091,54172.0,1308.157,7267.0,34660.0,2097.07,16636.0,140992.0,8593.508,648329.0,10936.0,47695.0,78348.0,266646.0,60542.0,26158.0,7517.0,2155208.0,159066.0,4123.35,3100.0,1024800.0,10474.0,29370.0,76852.0,6791.0,16335.0,40878.51,34886.43,14972.0,36527.37,6350.0,263044.6,34428.0,94747.0,94747.0,5426.0,3271.213,67626.0,7416.283,1079.967,19584.0,279858.0,20861.0,543474.0,155.7644,6583.0,77149.14,6809.0,5706606.0,101303.0,3642.0,5729.0,846876.0,846876.0,2445.0,52428.0,234487.0,64385.0,533319.0
2868.444,20172.0,1624.227,30556.84,12496.0,231830.0,2303.282,38580.0,8773.0,266562.0,3221.765,86015.0,20529.0,953.1437,1006.512,1901.165,142892.3,7807.063852,27.96803,5410.0,25495.0,4694.071,583.2982,26778.92,701.1515,7190.0,401016.7,1419.752,2163.233,21283.0,52.64231,35745.75,12293.3,13259.87,1584.058,5378.0,555271.0,30851.0,902.2858,1149.907,885.989,14592.0,1187806.0,6071.904,11933.0,31262.0,232528.1,213.9573,14597.25,40410.13,40410.13,18355.0,12847.78,11104.95,308.9808,21599.0,10250.0,5932.788,6071.594,500702.0,139.908,6915.0,37005.0,7639.0,49.61518,2.8e-07,261318.9,6419.0,380.5674,380.5674,6480.662,186129.4,33321.0,81180.0,17867.98
306974.0,15264.0,3437.0,46613.0,14029.0,135570.0,566102.0,38547.0,6723.0,121222.0,3219.006,198190.0,12204.0,1174.105,6667004.0,2649.0,33050.0,827.164,3601.0,37503.0,7611.0,8866.0,143645.0,1010190.0,206304.0,15804.0,54221.0,29149.0,159439.0,32232.0,14957.0,4008.426,635582.0,36078.0,3196.333,3470.521,755078.0,12137.0,12022.0,49277.0,6661.0,12638.0,707170.0,12694.0,11913.0,29625.7,6530.0,15878.87,40989.0,109209.0,109209.0,15672.0,18600.0,219127.0,769.4727,303.6089,280.8482,59688.59,53816.0,479481.0,56079.16,4625.0,55812.0,6268.0,10608.0,13149.63,6098.0,7285.0,373041.0,373041.0,7097.0,18256.0,88639.0,81427.0,544830.0
25128.89,20327.42,3673.0,248262.0,10124.0,284693.0,1222567.0,54389.0,11369.0,199222.0,3062.283,306230.0,17992.46,2338.961,6366303.0,9026.0,61588.0,1888.317,2472.358,7242.0,12553.0,26423.0,72214.0,150332.0,620455.0,18697.0,530081.0,39278.0,605081.4,33514.0,18050.0,7229.0,4450690.0,112565.0,15335.0,4258.496,842281.0,35695.0,44006.0,124778.0,17263.0,18391.0,782702.0,4618.0,16661.0,49253.0,5201.0,281746.0,35929.0,115696.0,115696.0,11188.0,10334.67,575033.0,60236.0,35021.0,948.7677,117653.0,12683.0,628959.0,79625.0,6246.0,60361.0,20650.0,21137.0,319352.0,8811.275,8174.0,542554.0,542554.0,20992.0,113106.9,142195.0,77453.0,607474.0
380882.0,16711.0,1946.122,60203.0,7486.0,128509.0,843489.0,30448.0,9074.0,102755.0,1805.143,220174.0,20750.61,1788.096,4000216.0,901.1322,41750.0,2157.559,2181.219,96.29506,26895.0,5540.0,86457.62,100528.0,404561.0,5242.0,305332.0,37394.0,177399.0,29624.0,11158.0,19306.0,2858608.0,36936.36,6054.0,1928.76,476871.0,33845.0,15928.0,119272.0,3398.0,9807.907,611105.0,12700.0,12055.0,29786.0,3003.0,438663.0,21047.0,66336.32,66336.32,11544.08,16115.81,150755.0,17883.0,975.2738,10608.0,98691.0,15835.0,305576.0,45130.0,3462.0,39601.0,3049.96,137957.3,74586.0,4393.316,3969.0,401934.0,401934.0,5275.416,23074.0,100068.0,54518.0,354905.0
92716.0,10922.07,2162.025,36462.0,9686.0,85341.0,438326.0,30381.0,5387.0,169659.0,1151.709,165510.0,10772.0,1107.282,5141087.0,1677.781,28736.81,2870.0,2200.89,4792.0,6994.0,9037.0,83213.0,116646.0,231286.0,18773.0,133033.0,40192.0,45982.0,12721.0,9903.0,2494.42,1115490.0,26052.0,3164.0,1944.864,435341.0,13840.0,9155.0,47605.0,4488.0,9624.0,265277.0,4532.0,7279.0,16670.0,5548.0,219283.0,22317.0,45190.0,45190.0,6404.0,4182.0,36833.0,2963.55,1131.297,1604.729,131659.0,6920.105,315393.0,59802.0,2739.597,28783.0,7759.0,4115.0,23855.05,2296.52,3969.0,280205.0,280205.0,3870.0,12309.0,55560.0,30711.0,268737.0
25559.0,8881.243,1776.747,22580.0,6430.534,71401.0,880832.0,22425.0,9206.0,156673.0,3160.0,62552.0,14632.0,783.784,4927367.0,5720.0,34145.0,3329.0,1335.744,2947.906,15134.0,20797.0,55886.15,155251.0,523774.0,6870.0,567502.0,33200.0,341431.0,4574.0,9389.0,13413.0,4900797.0,105986.0,15507.0,4587.0,233818.0,28651.0,24657.0,130742.0,8749.0,9452.0,425124.0,2668.0,12352.0,35078.0,3727.0,70572.53,21590.0,41575.0,41575.0,6006.0,8813.0,256555.0,48314.0,15507.0,3312.0,59976.55,28403.0,285953.0,46827.78,3486.483,21333.0,2125.78,8284.0,235985.0,2634.931,3462.0,53272.0,53272.0,12501.2,45662.97,15593.0,35113.0,276912.0
20315.15,11528.51,1418.007,15203.0,7793.0,84559.0,1257111.0,21441.0,5725.0,76555.0,1228.988,174129.0,7689.952,1009.996,5006871.0,766.8845,53810.0,5786.0,1724.107,987.3841,4896.0,14450.0,83271.03,242927.8,679956.0,35826.0,475874.0,27929.0,446821.0,14802.0,11185.0,13531.0,5327142.0,88160.0,13411.0,1246.742,473094.0,11225.0,23207.0,105357.0,3249.0,8845.0,397628.0,2988.167,6905.0,18575.85,3100.0,235566.0,23395.0,52145.0,52145.0,8198.0,7023.0,217505.0,23345.0,14528.0,177.947,85906.0,12022.0,270355.0,58924.0,3164.308,33710.0,2891.0,5793.0,301943.0,2336.078,3154.0,344647.0,344647.0,3252.846,42662.0,71800.0,29396.0,339041.0
114036.9,11818.0,2403.46,28591.0,10193.0,103058.8,366220.0,24586.0,8352.273,129357.0,1483.995,218540.0,8962.0,1139.273,4831582.0,917.4142,45158.0,5862.972,2508.388,1648.663,11998.0,13092.0,87204.0,253191.0,197145.0,13095.0,52932.0,23626.0,76288.0,22792.0,12334.0,2743.0,568329.0,21846.0,1951.937,2070.646,534093.0,11930.0,11641.0,49808.0,3779.0,9905.0,373279.0,6616.0,9779.215,21996.0,3487.0,238632.0,21132.0,48562.0,48562.0,8178.0,9265.943,171770.0,2786.441,180.0504,6382.0,69245.0,37095.0,307170.0,55590.0,3548.0,41137.0,5606.0,7169.0,7581.549,2518.585,3294.0,359075.0,359075.0,5262.583,8639.0,99149.0,39787.0,267324.0
246242.0,11040.48,5996.0,15613.0,4603.543,135279.0,714519.2,10007.3,5666.0,93765.0,5091.0,24386.0,12783.89,7028.0,31878.0,29622.0,13660.0,99657.0,1478.566,4803.291,11512.0,12527.0,4880.442,704386.0,336265.0,22235.0,164707.0,45744.0,3326.821,7423.618,110834.0,8377.852,2182348.0,16630.0,8096.0,15892.0,673482.0,25972.0,21869.0,660133.2,10777.0,19033.22,378981.0,58991.0,9546.0,30288.0,4841.0,3221.944,3415.923,54387.0,54387.0,11650.49,12513.84,2234.627,17359.0,3336.0,30213.0,120813.3,4115.0,2804.178,474.26,9030.0,9189.0,4786.0,4793.0,63144.0,3886.0,6544.0,45038.0,45038.0,13809.07,24206.84,32602.0,66785.0,237520.0
469486.0,7268.941,5200.0,51962.0,5731.0,126288.0,1238011.0,8849.54,6074.0,70908.0,8418.043,32414.0,29285.0,6802.0,355205.6,15970.0,10325.0,58074.0,2967.0,3862.388,14428.0,16442.0,75656.0,260239.0,506391.0,10608.0,909276.0,76360.0,2802.814,7851.108,144672.0,18997.0,4975350.0,20949.5,11700.0,16748.0,508955.0,25885.0,17911.0,137038.0,12088.0,30102.0,474961.0,62983.01,12949.0,35275.0,4687.0,4857.0,25878.0,53983.0,53983.0,9634.0,18516.0,5776.939,51519.0,8759.0,10836.0,435.2183,9180.91,15743.0,2143.011,8301.748,9723.0,3214.252,3309.0,150867.0,3659.245,13574.0,52079.0,52079.0,17348.0,36320.0,71140.0,74375.0,308810.0
444527.0,17199.0,9477.0,79346.0,14584.27,223682.0,1518045.0,14206.0,10485.0,355303.0,9205.0,42337.0,38871.0,11344.0,41115.0,18800.0,14683.0,3780.0,11112.0,11404.0,36693.0,60568.0,97806.25,572654.0,829493.0,6241.62,475450.0,118282.0,7797.907,19864.0,292141.1,21812.0,3907025.0,40895.0,14619.2,22199.0,738442.0,76685.0,39629.0,145310.0,11679.0,53410.25,288588.0,64898.0,27092.0,60456.0,7234.0,8502.825,40010.0,72681.0,72681.0,21091.0,8746.0,2248.653,17332.0,6725.0,65905.0,23274.82,15780.0,77864.36,399.5388,11050.0,15579.0,6234.0,8007.0,165605.3,4907.0,10153.0,58073.0,58073.0,16660.45,219019.0,53404.0,93472.0,412265.0
233639.0,12631.0,10369.0,39232.0,8501.885,149651.0,481644.0,13530.77,6301.967,132534.0,5163.0,539631.0,22453.0,13540.0,1080428.0,15907.0,7855.0,10565.0,1994.835,26277.0,19388.0,15173.0,115783.0,1137426.0,247770.0,38327.0,539572.6,115627.0,69738.99,39284.0,8060.0,5811.807,2408380.0,44977.0,6878.0,9278.0,949035.0,53397.0,31693.0,130108.0,65571.0,18377.41,416685.0,152742.0,7998.945,29948.0,4282.0,39950.76,29561.0,70062.0,70062.0,14165.0,8334.192,53160.22,43049.0,12007.0,16085.0,121.7135,4489.0,42824.0,34.53464,7982.0,16650.0,7313.0,5992.96,55758.0,3080.0,7473.0,641762.8,641762.8,5068.605,16363.0,165584.0,65342.0,364605.0
378752.0,13872.0,6770.0,74171.0,7991.0,126643.0,877749.0,17662.0,13112.66,251388.0,10347.0,98890.0,27646.0,10850.63,6489854.0,24903.89,9718.0,3278.0,1931.537,17720.0,5052.0,33742.0,73000.0,9175372.0,608236.0,29115.0,511883.0,127003.0,203837.0,10983.0,13308.0,9065.0,4672726.0,44781.0,18290.79,14841.0,654519.0,34598.0,48996.0,228877.0,12245.0,34376.0,532573.0,103728.0,22612.79,48750.97,4715.134,362178.0,44233.0,80096.0,80096.0,11198.01,8694.519,209308.0,49595.0,25497.0,5188.0,45423.0,11593.0,11261.51,82528.0,8496.0,17485.0,6441.0,6157.0,201625.0,4988.0,11507.0,79668.0,79668.0,23339.0,39114.64,155840.9,101347.0,464135.0
220692.0,7884.0,8918.0,44044.0,9583.454,132614.0,479238.0,12531.31,9647.493,149909.0,7377.0,70558.0,17768.0,8983.0,7754310.0,25462.0,9795.0,1332.712,12579.0,7972.0,14651.88,18441.0,104967.0,110623.0,293402.0,17140.0,549776.0,90930.0,192471.0,11055.0,16215.0,4598.0,2021839.0,26492.88,6161.0,7555.0,494882.0,54395.0,26117.0,107941.0,10813.0,19768.0,688935.0,81928.0,28645.2,53993.0,4241.0,205447.9,27301.0,44625.0,44625.0,17761.0,5867.465,81820.0,38416.0,9564.0,12077.0,51228.0,5579.0,11521.0,97807.0,7196.0,12202.0,6463.0,3542.0,90335.0,3030.0,7763.0,57551.0,57551.0,18028.0,17759.0,29781.28,85336.0,265938.0
500044.0,8172.0,18290.0,128017.0,19814.0,158202.0,1914251.0,12133.0,32887.0,201121.0,12634.72,89525.0,21976.0,13455.0,5292649.0,6628.0,7622.0,249687.9,12971.0,17548.0,9123.0,27196.0,196430.0,6438842.0,925267.0,10342.0,437476.5,82358.0,347374.0,21951.21,200517.3,7954.0,3457698.0,54561.9,10564.0,14916.0,730945.0,37707.0,40113.0,135236.0,28434.0,26124.0,390582.0,99753.0,37217.0,76612.0,7759.0,478604.0,33477.0,61449.0,61449.0,22957.0,7434.0,198061.0,24330.0,6691.0,3899.0,54003.0,31668.0,60366.0,70073.0,12270.0,21233.0,4037.0,12358.78,231712.0,3679.0,8274.0,76843.0,76843.0,2373.0,56979.0,103475.5,97625.0,354920.0
52691.0,21932.72,11413.0,23100.0,13650.0,185257.0,567260.0,11522.0,7168.0,116929.0,15422.0,83231.0,13941.0,9101.0,5820796.0,4665.0,6826.0,379389.0,8104.0,9962.991,13250.0,9756.0,150287.0,165008.0,589239.0,10387.0,293560.3,39059.0,259741.0,26349.0,12307.0,7506.0,1578985.0,30131.0,5761.0,15127.0,716811.0,46758.0,18597.0,82170.0,7594.0,28473.38,677332.0,119585.0,20084.0,62203.0,5639.0,425393.0,46103.85,65530.0,65530.0,21199.0,5982.0,62464.37,10291.0,7257.0,21079.0,36647.0,2893.519,41326.0,78893.0,12584.0,16673.0,4884.0,3461.0,1242193.0,4064.537,8906.0,79552.0,79552.0,6196.0,17779.47,51650.17,80290.0,364165.0
1010859.0,16616.0,16455.0,166661.0,14584.0,222822.0,1988090.0,13718.0,7193.03,104849.0,24498.0,762568.0,26640.0,15732.0,5853170.0,38741.0,8708.933,79737.0,7371.0,5954.656,3727.563,20452.89,239671.0,117982.0,1184005.0,6077.39,1221188.0,36281.0,432054.0,62773.0,326039.8,19067.0,8646185.0,114074.4,32201.0,52114.0,1592741.0,24132.0,42787.0,405632.0,9450.0,79833.0,69326.6,228345.0,16381.0,52715.02,6210.0,509708.3,38211.0,107865.0,107865.0,15688.0,4861.079,444504.4,492029.0,30641.0,15406.0,75297.0,34867.55,52795.0,76731.0,21449.0,23973.0,9454.0,5628786.0,337968.0,5383.992,13430.0,1285904.0,1285904.0,22975.0,57822.0,244068.0,94872.0,510818.0
86177.0,15974.0,12854.0,33550.0,14034.0,182517.0,1238655.0,10505.0,6822.226,192947.0,9520.0,92114.0,21637.95,8990.0,6617614.0,8821.0,9762.0,46004.0,6756.0,15634.0,7352.0,31040.0,151197.0,361885.0,1097132.0,10507.0,381992.5,35415.0,747076.0,14948.0,10386.0,11785.0,4569499.0,47291.0,14652.0,12257.0,729822.0,38933.0,27362.0,159774.0,17321.0,23487.28,437006.0,102091.0,22064.0,55975.0,6550.0,381222.0,39822.0,66692.0,66692.0,18457.99,4345.0,158444.0,18259.0,8770.0,35809.0,37043.0,7268.0,70633.0,89346.0,12369.0,18451.0,5506.0,4389.0,865377.0,5183.0,9813.0,81142.0,81142.0,4928.248,32262.09,35175.22,97176.0,394713.0
407579.0,18918.0,8622.0,79478.0,9856.0,176614.0,898000.0,14056.0,7939.0,243393.0,25617.0,19247.0,41876.0,9543.0,7643716.0,29221.0,8753.11,6537.0,2505.616,23438.0,14655.0,52309.0,103296.0,406676.0,705480.0,19590.0,493739.0,125845.0,251569.0,11393.79,191533.7,9185.0,4242153.0,27044.0,11537.92,32075.0,840062.0,58613.0,41897.0,413481.0,10352.0,52575.4,1346741.0,172757.8,20151.0,73344.0,5237.0,522199.0,40780.0,71470.0,71470.0,16497.0,28298.0,212743.0,115526.0,23085.0,8765.0,36266.0,11651.91,21155.0,97733.0,18226.0,24102.0,11696.0,22934.0,143826.0,4944.0,20226.0,92436.0,92436.0,22024.42,30548.0,63418.38,120206.0,444579.0
241869.0,20490.65,8025.0,64775.0,15328.85,252460.0,5503.919,21024.0,13281.0,283373.0,26291.0,133240.0,47218.37,12960.0,21565.34,7783.0,29118.0,3189.0,3147.0,5154.942,90006.42,20272.0,3657.023,129983.0,400238.6,7191.0,692281.0,173802.0,4118.359,16147.72,3930.079,327.2896,4068166.0,47756.0,9286.0,40130.0,1173569.0,183216.0,36332.0,161583.8,6379.0,75382.44,1348076.0,186001.4,31633.0,94565.0,5624.0,972.5311,1386.873,73275.0,73275.0,16813.0,7534.512,1576.915,120582.0,16450.0,47492.0,128315.0,4886.0,1364.227,22.71327,40079.0,19668.0,12879.0,6077.0,65525.0,40557.46,14705.0,101383.0,101383.0,15469.0,24572.0,108999.5,134288.0,415806.0
1201489.0,16162.85,5298.0,167837.0,9526.0,173963.0,2120394.0,12860.0,10272.53,159255.0,8346.0,769824.0,88927.99,9309.0,6932096.0,16563.0,10748.0,2584.895,1490.124,2414.905,13453.0,31706.7,95691.0,160308.7,960358.0,15254.13,776479.0,40608.0,252586.0,48683.0,22341.0,6554.0,7087416.0,95653.0,18684.0,24721.0,1394097.0,13444.0,45126.0,274531.0,7536.0,35965.45,832708.0,304499.0,24716.0,101580.0,4261.706,450484.0,44436.0,115022.0,115022.0,12783.0,2069.118,205733.0,80536.0,5502.0,9503.0,124298.0,39204.59,38257.0,86877.0,11756.0,19868.0,7445.0,5340829.0,185629.0,4796.0,25795.0,1375627.0,1375627.0,16817.0,75963.0,87730.0,123569.0,613527.0
171015.3,18520.0,7033.0,28295.0,19186.0,221847.0,1122630.0,16084.0,5741.779,190614.0,20051.84,125222.3,42377.51,11928.0,7474614.0,1705.862,14461.0,2661.0,13236.0,10078.92,31122.0,23656.0,186859.0,394228.0,690023.0,13206.84,994063.0,40073.0,334736.0,33411.79,14168.0,17739.0,4752876.0,51674.0,10938.0,24960.0,893346.0,59184.0,25637.0,153229.0,8739.0,42704.0,767515.0,115568.0,21314.39,72936.0,7287.0,246875.6,50960.8,75480.0,75480.0,15187.0,6998.0,104742.0,30201.0,11431.0,14034.0,23649.32,5223.566,115170.0,51964.43,18952.0,21417.0,5356.0,3205.0,821186.0,5703.0,15902.0,103382.0,103382.0,2436.057,33457.0,39726.98,130538.0,482834.0
289336.9,9016.203,5248.0,65142.0,9912.0,106083.0,784391.0,9867.0,5195.0,117935.0,7912.0,9552.0,13496.58,5506.933,5071192.0,4597.0,4319.0,8038.0,26016.0,19909.0,2819.672,16442.0,89563.0,177396.0,503196.0,13472.0,646276.0,80864.0,145154.0,14993.0,10144.0,5390.0,3543388.0,28452.21,10305.0,20256.0,431938.0,29779.0,27976.0,144062.0,19763.0,35087.0,291684.0,54554.0,15048.38,38706.92,3941.0,210530.0,25667.0,41775.0,41775.0,6829.0,5787.0,140184.0,75967.0,19607.0,5087.0,25020.0,9342.0,13414.0,64750.0,5427.0,9753.0,5169.0,3029.947,182810.0,3315.0,9111.0,56354.0,56354.0,9953.0,22222.4,24960.66,58659.0,277341.0
348162.6,10775.0,2936.812,76362.0,10736.0,99610.0,1615405.0,22728.0,6114.152,71746.0,3541.209,53999.0,10247.0,933.1613,5116799.0,2287.741,23844.0,1283.433,3421.0,3985.0,7017.0,7023.0,125145.0,45834.0,1028732.0,7818.0,456966.0,71295.0,288841.0,13117.54,11242.0,6704.0,6049024.0,37892.51,14911.17,4928.0,267282.0,11211.0,18641.0,128881.0,4752.0,9828.0,337339.0,52249.0,9430.0,22590.0,5964.0,12701.1,26070.0,41076.0,41076.0,9015.783,8947.0,165083.0,13991.0,2130.123,5414.912,49994.0,16011.0,23389.0,62104.0,3375.0,8134.0,4381.0,109016.8,197014.0,3089.0,4213.0,51430.0,51430.0,5301.018,26701.0,31394.81,45988.0,300135.0
34915.0,17085.51,3202.551,51347.0,11389.0,153313.0,642637.0,28397.0,6797.0,104232.0,3710.0,360479.0,11695.0,2908.014,4843656.0,3652.0,51114.0,1540.686,3016.0,2440.679,17938.0,8898.0,98797.0,391775.0,352978.0,7674.0,377197.5,24921.0,184403.0,58945.0,108215.8,4893.0,1708923.0,50617.0,5493.0,1749.348,739222.0,25315.0,12103.0,120946.0,5053.0,7592.0,357110.0,126968.0,8762.0,23982.0,4079.0,440052.0,30946.87,96354.05,96354.05,7995.0,4292.0,55518.0,23037.0,7235.0,36387.0,17104.0,1333.939,30439.0,61132.0,4767.0,12479.0,5890.0,1926.586,475315.0,8340.0,4389.0,785062.6,785062.6,4822.0,11190.0,204424.0,60009.0,445883.0
22898.0,13606.99,2566.245,35927.0,8733.0,103381.0,335635.0,5554.0,10511.0,105997.0,3561.0,74725.0,10117.0,5646.0,3832936.0,8014.0,5179.0,1444.762,2368.937,8806.0,9025.0,4809.0,55428.0,425983.0,168822.0,9948.0,169908.0,22438.0,81692.0,9397.0,7611.0,3961.0,870319.0,17022.0,3022.42,12250.0,581438.0,14395.0,12464.0,47034.0,7301.0,27507.0,201762.9,85878.0,21531.13,58687.0,4575.0,250248.0,22221.22,40046.0,40046.0,4878.056,2644.0,22915.0,6721.0,3095.0,9760.0,14682.0,1417.143,3440.117,47605.0,7400.0,6408.0,3538.0,2125.12,266256.0,2025.281,6499.0,59916.0,59916.0,12818.0,18191.6,48462.0,46203.0,215576.0
566554.0,6431.705,2183.943,80707.0,7898.0,89127.0,860498.0,6274.0,7718.0,100139.0,5648.215,82129.0,13654.0,4596.0,4724953.0,11020.65,4805.0,8005.0,1174.921,4954.325,7169.0,11527.0,70345.0,621662.0,539829.0,6007.771,178225.0,65536.0,150937.8,8462.047,17392.0,2851.005,3499868.0,33106.96,9977.0,9715.0,552244.0,14476.0,22904.0,129310.0,3230.0,17127.0,333828.0,116629.0,18070.0,66524.0,3703.0,502384.6,29152.0,51426.0,51426.0,7091.0,5472.587,157450.0,8378.424,2475.002,3472.0,27880.57,13516.0,4821.69,44870.16,10175.0,9846.0,3647.054,4426.0,103178.0,2866.835,6980.0,70870.0,70870.0,14915.0,25411.0,58470.0,60296.0,315802.0
1036059.0,12147.0,2513.058,82957.0,9211.0,120406.0,744859.0,6505.561,4530.394,143758.0,3247.0,816320.0,14610.0,3958.0,4024204.0,1861.953,5940.0,7571.0,3709.0,14827.0,6547.0,19764.0,98631.0,399137.0,371824.4,191777.0,906401.0,121321.0,89219.0,69725.0,16416.0,6242.0,3098284.0,58515.0,10750.0,5910.0,1094549.0,31229.0,29430.0,164346.0,4682.0,11364.28,352238.0,200616.0,12185.0,41080.66,3182.409,272975.0,26816.0,80114.96,80114.96,8693.0,4103.0,163962.0,62765.0,17781.0,2302.128,29542.0,7499.341,28227.0,46385.0,7546.0,19770.0,9147.0,316486.3,102608.0,4965.049,6645.0,551657.0,551657.0,5698.246,26400.0,271372.0,60959.0,423064.0
311560.0,6724.0,5346.0,73454.0,25892.0,109335.0,969608.0,7480.0,4119.0,131682.0,9403.0,69858.0,13361.0,4500.0,2544448.0,6218.0,3462.0,2873.0,38355.0,12670.0,3538.0,10000.0,308173.0,217362.0,674480.0,13074.0,775218.0,88326.0,138756.0,28761.68,11755.0,3553.0,4253422.0,37031.0,7203.0,16779.0,644210.0,19972.0,23504.0,126727.0,4318.0,33273.0,292311.0,113697.2,13479.0,45419.0,6499.0,503443.0,17901.0,30486.03,30486.03,11836.0,6870.0,104714.0,48662.0,4379.0,2228.228,27280.0,11084.0,29500.0,29008.0,10753.0,12206.0,2931.0,7982.751,115151.0,1739.081,7405.0,61894.0,61894.0,4682.451,19797.0,40235.0,43175.0,209320.0
177738.0,6209.0,2325.258,51822.0,11328.64,66016.0,487795.0,7919.0,5823.0,125429.0,2620.121,242951.0,8689.125,6601.0,2394275.0,3613.0,2599.0,3697.0,3997.0,6324.0,2328.334,11770.0,103994.0,220844.0,259363.0,6239.0,229049.0,53534.0,81602.0,23137.0,4118.0,5912.0,942865.0,25053.38,4494.0,7901.0,495834.0,12916.0,12584.0,67122.0,3885.0,19856.0,168638.0,79269.0,14802.0,37468.0,3536.0,319595.0,17931.0,44992.0,44992.0,7628.749,3565.0,54530.0,8592.0,4998.0,1976.978,16348.0,6336.0,13779.0,33395.0,5239.0,5987.0,5361.0,5021.0,64146.0,1507.512,6808.0,325488.0,325488.0,5715.0,14050.0,22115.0,43946.0,277016.0
498844.0,9052.0,1850.987,66196.0,8839.0,82301.0,1412398.0,4848.0,6597.0,61179.0,3246.0,212861.0,11344.0,4234.0,3925942.0,1308.029,2597.0,2498.984,2291.023,1475.703,1857.297,4136.0,90069.0,2881.212,504946.0,1727.939,255255.2,13146.0,234455.0,20490.0,188421.6,8008.0,4338404.0,46112.0,11080.0,7840.0,492434.0,4885.0,9563.0,70571.0,4025.0,16561.0,31536.76,65798.0,13984.15,35736.0,3177.497,274758.5,23155.0,82310.0,82310.0,2355.308,1308.594,122111.0,7957.0,3692.0,21832.0,61991.0,18924.29,21501.0,49126.0,6854.0,4339.0,1641.088,7325163.0,137064.0,5157.0,5699.0,334142.0,334142.0,2190.137,25104.0,115160.0,37349.0,395078.0
165079.0,11993.0,1489.926,51752.0,5133.389,100447.0,448870.0,24134.0,5786.0,126872.0,1832.554,43383.0,12129.0,1128.009,4226913.0,6142.0,46372.0,1377.548,8912.776134,4690.0,6684.0,11497.0,46886.0,93932.0,269722.0,10300.0,243113.4,72878.0,100841.9,3445.0,7741.0,5052.0,1930080.0,15067.0,4308.0,4489.0,259030.0,17746.0,16309.0,78678.0,3971.0,7053.0,881248.7,59659.82,8206.0,20709.0,2864.0,158424.0,20648.0,41177.0,41177.0,9939.0,6677.0,66356.0,12872.0,5836.0,3739.0,36224.5,7335.0,2452.041,57941.39,3421.0,7045.0,5709.0,3231.086,73726.0,2308.323,4152.0,43955.28,43955.28,8498.846,14887.0,52548.38,40531.0,250067.0
41527.0,10042.7,4635.279,15999.0,9865.09,99455.0,398079.0,24507.0,5372.0,109877.0,3895.0,39034.21,7712.0,564.7924,3158955.0,1801.666,24654.0,2903.0,9148.0,11728.0,3901.0,11940.0,66620.0,2238.625,250017.0,6244.0,335843.0,39743.0,191767.0,17534.0,19385.0,3664.0,1267800.0,25109.0,3206.019,4272.0,468269.0,13672.0,17501.0,39006.0,7664.0,9396.0,333112.0,119726.1,9267.0,48332.0,3808.241,156492.0,22602.0,48508.0,48508.0,9083.0,4013.883,98108.0,4459.596,6503.0,324.9569,39695.0,2701.0,9723.0,40140.0,9702.0,13465.0,5098.0,4145.0,79964.0,2566.0,3840.0,45472.0,45472.0,2618.275,8101.0,63367.0,30338.0,258646.0
385117.0,15923.0,2052.609,79605.0,8970.602,167714.9,1354479.0,35899.0,12221.86,126491.0,4662.0,79222.0,11227.0,1811.582,7083277.0,5705.0,52606.0,9798.0,8912.776134,5176.0,5135.0,19083.0,79434.0,501039.0,922682.0,17367.0,287491.0,104878.0,225053.0,9674.0,16012.0,3994.0,3992925.0,28143.0,11888.0,6733.0,498441.0,16833.0,35251.0,167168.0,2528.973,15834.0,251052.0,140150.0,19850.0,74807.78,5118.0,335084.0,42328.0,74311.0,74311.0,7933.0,7858.0,237462.0,23175.0,4492.0,2426.212,46606.0,12920.0,5085.254,85687.0,11170.0,16042.0,6523.0,5049.665,154650.0,5091.0,4338.0,75068.0,75068.0,9070.57,27471.0,91373.0,61192.0,435549.0
567857.0,11479.0,2706.0,164629.0,11879.0,163189.0,2101274.0,16209.0,9844.0,314189.0,13234.19,490742.0,39751.59,7605.0,7430250.0,5256.7,7819.0,2428.068,22.36682,9861.0,10469.0,48479.0,104836.0,271641.0,759550.0,25022.0,332498.0,118730.0,279896.0,29185.96,13335.0,9836.0,3408330.0,60271.0,10290.0,36578.0,1079595.0,43764.0,39146.0,183059.0,3846.0,46109.0,803969.0,185107.5,23211.01,64943.0,6860.057,363114.0,41002.0,92942.0,92942.0,9218.0,11280.89,144498.0,65549.0,15116.0,2536.715,37759.0,25333.0,12328.0,93246.0,11154.0,12635.0,11600.0,10648.0,218775.0,3740.242,13646.0,696799.7,696799.7,13202.0,59669.0,47371.0,91781.0,506651.0
339967.0,11624.39,2923.0,142100.0,8702.057,126893.0,740957.0,11332.0,30005.0,257466.0,8102.0,170359.0,27065.66,11840.0,6415096.0,14413.0,10063.0,3407.0,1475.002,5335.22,13432.0,28130.0,68147.0,2978395.0,492297.0,22303.24,480730.0,103379.0,161894.0,7954.0,12350.0,20516.0,3711652.0,61121.0,11804.0,16793.0,714130.0,67256.0,48503.0,246135.0,10807.0,21818.0,1010019.0,146085.8,38488.0,106337.0,5340.0,258990.0,36022.0,60996.0,60996.0,13075.0,14638.0,129426.0,50988.0,15932.0,23055.0,32061.0,19439.0,4979.752,77168.0,9390.0,10854.0,188882.0,10836.28,120782.0,4770.0,8114.0,102417.0,102417.0,18584.0,35622.0,67126.43,94289.0,387231.0
690016.0,17323.0,7525.0,95113.0,24401.0,188694.0,1470946.0,54113.0,10236.0,89451.0,2683.446,76285.0,40324.0,1313.588,6351712.0,7724.0,62589.0,3243.46,80459.0,4074.016,11165.0,46954.0,285291.0,233116.0,725973.0,10180.0,366356.0,31529.0,284809.0,21718.0,13711.38,20730.0,4836808.0,29426.75,8674.0,8501.0,470594.0,10307.0,18631.0,149012.0,10400.0,19613.0,471876.0,74419.0,17642.0,40765.0,9112.0,465145.0,40009.85,70388.0,70388.0,14253.0,5268.434,200248.0,71554.0,1913.454,10093.0,30862.16,23497.0,88045.0,70892.85,5378.0,8760.0,7337.0,210907.2,358399.0,4148.0,10468.0,77243.0,77243.0,12932.0,46904.0,85611.46,99306.0,403001.0
333985.0,18740.0,2410.642,90439.0,8809.899,185713.0,1290421.0,46903.0,10475.0,174334.0,2967.191,303339.0,30686.0,2566.175,6382022.0,4204.0,109320.0,2050.944,521.7326,4446.0,11764.0,44670.0,90922.0,773907.0,798670.0,8932.0,1121120.0,128202.0,232180.0,26103.0,11126.0,19169.0,6086686.0,48261.0,22926.0,2778.743,873633.0,48655.0,33128.0,312384.0,2969.0,16558.92,1223163.0,152709.2,15490.33,36324.0,5167.0,323130.0,41166.0,83110.0,83110.0,13519.55,13452.0,409950.0,130252.0,59102.0,7092.0,60827.0,14207.0,6707.719,78606.0,6369.0,11559.0,11383.0,6881.0,251430.0,4603.0,6036.0,491484.0,491484.0,12042.0,121786.5,155569.0,75162.0,547871.0
227884.0,9913.434,2053.102,41028.0,9984.0,114408.0,499750.0,24141.0,5741.0,480878.0,1876.034,56433.0,10173.0,1246.802,4514975.0,1126.045,16979.0,4979.0,2065.731,7288.0,6551.0,8684.0,92856.0,433074.0,398356.0,8668.0,65738.86,55550.0,103620.0,9187.0,12261.0,9086.0,1753168.0,18579.0,4504.0,3226.0,328547.0,13041.0,18803.0,158939.0,3444.0,8731.111,617015.0,75358.62,9742.0,26372.57,4396.0,40990.45,22803.0,40332.0,40332.0,11377.0,4076.0,71290.65,3226.326,1405.049,813.1792,8145.322,7593.0,19386.0,10013.49,3869.0,8004.0,4641.0,5190.0,44923.0,2661.963,3551.0,50507.0,50507.0,6478.916,13317.0,41356.0,31555.0,247616.0
33063.0,14934.0,3182.0,17372.0,15740.0,96188.0,469609.0,21247.0,7320.0,111856.0,1372.954,270896.0,8928.0,818.6775,4107870.0,2886.0,17383.0,1979.885,20405.0,2598.0,4145.0,7537.0,162647.0,785066.0,232218.0,29891.0,309557.0,29342.0,103606.0,27949.17,9069.0,4062.0,1010050.0,20268.0,3499.0,1659.88,487046.0,9816.0,10694.0,40790.0,4147.0,6366.0,455915.0,125158.0,11587.05,34586.0,5004.0,73573.65,20474.0,47053.0,47053.0,13036.0,5426.0,29184.92,5260.0,4421.0,433.3603,7203.368,3696.128,28065.0,12689.65,3358.0,9584.0,5298.0,4357.0,69416.0,2161.489,3853.0,412140.0,412140.0,3316.195,19020.03,120701.0,42370.0,264382.5
164211.0,15211.16,2588.421,49452.0,8979.0,129371.0,539595.0,29871.0,8096.0,146970.0,2338.0,256088.0,15178.0,1736.996,3352310.0,3172.0,37606.0,1528.372,3691.181,3906.0,18063.0,23621.0,64302.0,1238661.0,330683.0,27320.0,164419.0,68114.0,76543.0,28266.0,10636.0,4561.0,2147387.0,28544.91,4587.628,2144.836,621085.0,27892.0,21673.0,80408.0,7396.0,9031.0,760819.0,124690.7,13971.0,44467.85,3602.0,143368.0,17665.0,41007.0,41007.0,13038.0,11660.0,64408.0,11480.0,4603.0,29038.0,26929.38,5681.0,6616.0,25626.37,4292.0,11204.0,4746.0,5354.0,52194.0,1802.925,4536.0,383653.0,383653.0,7958.0,15499.0,105552.0,40235.0,251275.0
119400.0,10024.0,1908.937,21982.0,10269.68,91601.0,421170.0,22420.0,8056.262,285902.0,2152.278,50267.0,9858.0,783.2444,4680716.0,825.2626,22029.0,5667.0,3204.0,8673.0,6148.0,4896.0,84793.0,135.9717,198264.0,8768.0,99377.0,44560.0,95157.0,11916.0,16026.0,4525.0,1485644.0,10413.0,2409.335,2959.0,301040.0,10161.0,6758.0,64966.0,3174.0,8488.0,602703.0,62977.56,11127.72,28813.0,4395.0,282343.0,20939.0,40594.0,40594.0,12149.0,7942.0,37232.0,4645.295,798.5818,262.1863,55656.0,3433.0,24590.0,54320.0,3545.0,7027.0,5344.0,2727.571,16842.24,1946.413,3099.0,52681.0,52681.0,1637.731,8583.555,48426.36,36490.0,255170.0
329474.0,13400.0,2021.558,78531.0,10784.0,260064.0,1323730.0,4351.724,3020.903,82283.0,6119.0,161457.0,11149.0,3172.0,7122479.0,1750.349,2441.361,19280.0,1137.04,8276.0,5645.0,11276.0,62524.0,157551.0,767353.0,14135.0,555303.0,91429.0,184204.0,15281.0,145431.3,3579.0,4811081.0,35679.0,7929.0,15942.0,477929.0,21937.0,56421.0,156386.0,3933.0,6274.0,403590.0,47459.36,6324.041,13766.0,4545.0,390975.0,20391.0,48048.0,48048.0,7498.0,4490.0,188026.0,20202.0,3137.0,709.4804,59983.0,11385.0,22602.0,76381.0,2111.984,8881.0,2642.854,8065.0,125861.0,1910.719,4442.0,351068.0,351068.0,4809.148,21027.0,13367.0,1901.383,284137.0
1164955.0,10770.0,11442.0,128328.0,10380.0,236610.0,1816368.0,11426.0,5417.0,107236.0,12383.0,40898.72,50428.07,14756.0,2802483.0,39012.0,10123.0,69299.0,37122.09,5488.001,9947.0,26351.98,153457.0,496072.0,1077318.0,6823.0,3023999.0,40547.28,377455.9,16345.59,20518.0,18693.0,7540286.0,52501.0,19912.0,17391.0,639522.0,23097.0,48449.0,262201.0,32138.0,31333.41,34039.0,51810.0,12647.0,31287.0,5597.0,2547.331,39866.0,74130.0,21172.0,11475.0,2060.217,922.6492,212238.0,39630.0,45701.0,279.3043,19910.27,129007.0,31.52052,9010.0,36353.0,11903.0,9500413.0,249606.0,4511.0,13627.0,102399.7,1220.117,22176.0,56942.0,76061.65,114120.0,436110.0
70388.0,22465.0,24331.0,10710.0,22937.19,170279.0,967064.0,12444.0,14366.0,125620.0,9339.0,829594.0,14788.93,10372.0,33697.52,15791.0,7249.0,124673.0,5306.0,23075.0,13238.0,18320.0,207885.0,368285.0,433464.0,2707.0,510411.0,58321.0,8737.307,63081.0,10875.0,7194.0,1980695.0,51683.0,5383.125,15651.0,1376586.0,22226.0,17929.0,44910.0,47164.0,38983.97,639367.0,361436.9,29151.0,122666.0,7775.0,19784.0,38507.0,127093.0,29954.0,36203.82,10016.0,2183.975,10472.0,16669.0,10563.0,4.281951,3141.0,82648.0,539.398,13006.0,106936.0,4794.0,5496.0,126849.0,10103.47,6319.0,1551431.0,1098.999,5029.0,15918.0,274609.0,75406.0,540333.0
170564.0,7861.0,5868.0,42866.0,6447.487,131113.0,607379.0,6957.0,4522.818,89915.0,8449.0,45755.0,16340.74,5223.0,5701544.0,9758.0,11834.77,1603.927,4880.0,4211.416,9262.0,21623.0,82077.0,659660.0,356219.0,4987.0,460028.0,68536.0,98685.0,5105.0,4704.0,2674.0,2489237.0,16022.0,10673.0,9359.0,356150.0,28366.0,19682.0,148375.0,10810.0,17778.0,280853.0,49476.0,10721.49,30079.0,4111.0,155427.0,25122.0,41257.0,9662.075,11207.0,12900.4,142871.4,35641.0,19039.0,10296.0,527.2968,4860.0,5189.0,667.9671,5605.0,20445.0,6055.0,4175.039,111018.0,2584.0,5679.0,49505.0,2743.401,9629.0,16147.0,34361.45,58643.0,247666.0
144907.0,16192.0,8156.0,797706.0,7966.0,208778.0,651647.0,10760.0,12727.23,79419.0,8397.0,36991.1,17667.0,13617.0,5795602.0,16922.0,8607.0,1431.686,17832.0,3504.724,19845.06,13700.61,85991.0,43946.36,557637.0,11097.0,181623.0,40488.0,359614.0,21386.0,10120.0,8795.0,2969018.0,48853.0,5998.0,13881.0,590535.0,42777.0,19177.0,119045.0,13063.0,38055.0,425293.0,87987.0,28334.0,65339.0,3780.665,4842.341,31957.62,41033.0,10830.0,14609.0,3154.0,1822.189,20064.0,5186.0,28845.0,194.8628,8550.759,45516.0,453.3391,13019.0,26307.0,2585.096,4138.51,780810.0,4047.015,10641.0,71032.0,210.2576,9673.0,219897.1,42202.84,71428.0,280013.0
407829.0,9622.308,12025.0,70340.0,15601.0,140690.0,782037.0,14511.0,13360.0,238813.0,6942.0,32638.0,27531.74,10367.0,877339.4,3275.0,8264.0,1510.425,6517.0,30008.0,17969.0,33544.0,190899.0,176007.0,491855.0,26098.0,154703.0,83379.0,265867.5,23587.0,8038.0,4958.0,1724042.0,25717.36,4271.495,10437.0,828597.0,47987.0,29185.0,70727.0,28916.0,33322.89,605225.0,132741.8,27996.0,77964.0,6017.0,13213.0,26648.0,42877.0,37622.0,26136.0,5042.0,45325.87,17111.0,4781.0,46473.0,543.5209,8343.0,41963.0,1711.04,12944.0,25306.0,6038.0,8012.0,95256.0,3106.0,2785.0,55897.0,2240.276,2004.082,35373.0,29180.38,75969.0,294451.0
94436.0,9817.0,16821.0,27825.0,10475.17,69666.0,1230122.0,12665.0,19414.0,177942.0,44692.0,431780.0,21638.0,9106.0,6661640.0,19643.0,12903.0,1248.669,8906.0,21753.0,5247.0,26291.0,149185.0,13086.0,1015753.0,14673.0,409263.0,40091.0,414590.0,32227.0,18820.0,10753.12,4312767.0,31677.05,14852.0,18066.0,968022.0,46939.0,30424.0,195570.0,24000.0,28739.97,331485.0,422444.0,55649.0,209206.0,5867.0,409266.6,52198.94,75119.0,3.17e-10,23589.0,4250.955,134384.0,29998.0,10590.0,16274.0,47181.0,5908.0,54766.0,83082.0,29482.0,38155.0,20325.0,5143.649,518587.0,5351.0,3155.0,189932.0,1237.005,6694.0,85265.0,48292.0,97669.0,352791.0
300622.0,12082.87,6800.0,74558.0,12075.0,144054.0,828481.0,13815.0,10978.79,220885.0,8361.0,12188.0,18787.64,8586.0,6092866.0,5581.0,8417.559,919.1467,10600.0,9127.0,22266.0,30189.0,152040.0,2359741.0,523991.0,7236.0,772716.1,85596.0,176276.0,25198.0,6209.0,9536.0,4264262.0,31383.0,10549.0,19908.0,672238.0,52942.0,39135.0,124238.0,15130.0,31660.48,351682.0,67478.0,20661.0,37834.0,4720.0,464150.0,32678.0,43765.0,270650.0,11613.0,10804.0,156677.0,48875.0,17003.0,58773.0,40554.0,9303.794,44596.0,77681.0,9403.0,23657.0,6170.0,6839.0,135922.0,3115.0,8589.0,57428.0,59776.0,6240.0,26094.0,49839.01,72491.0,270806.0
346261.0,13347.0,6396.0,57226.0,7269.0,158617.0,746313.0,33498.0,9929.532,104386.0,3682.283,62373.0,14007.6,916.2101,4765582.0,22445.0,36659.0,1529.945,4227.949,4217.0,5015.0,11573.0,67791.0,38599.0,616347.0,18509.0,311794.0,96125.0,263256.0,5705.0,9650.0,8746.0,3499222.0,35721.53,10169.0,5212.0,356209.0,16580.0,24629.0,249259.0,18145.0,13277.0,226988.0,78497.0,13308.0,39421.0,4575.0,253977.0,27583.0,43711.0,194350.0,7504.709,10774.52,307235.0,27784.0,2702.196,4547.0,60753.0,9625.0,5887.0,61225.0,5472.0,23299.0,4510.0,8175.0,119504.0,3432.0,5188.0,54432.65,86345.0,17885.0,22922.0,51597.62,59409.0,263488.0
290814.8,7624.0,7219.0,64322.0,7127.357,98501.0,829090.0,9186.0,22354.23,134664.0,6835.0,100305.0,17062.96,8441.0,5635349.0,31665.0,11872.0,37619.0,5278.0,14799.0,14012.0,16232.0,59486.0,1192004.0,611065.0,7076.303,359652.0,77644.0,119440.0,10685.0,7895.0,3275.0,3991402.0,30276.76,12901.0,7733.0,646515.0,35337.0,30895.0,142620.0,17603.0,10231.9,730846.0,247195.7,42102.0,135103.0,3698.0,332758.1,28828.0,54066.0,210668.5,12178.0,4712.0,126501.0,25600.0,4313.898,10895.0,50328.0,9074.0,10551.43,76702.0,8493.0,22551.16,14037.0,7058.0,105473.0,2851.574,3102.0,82180.73,79893.0,18401.0,33971.42,54959.0,81637.0,321971.0
337226.0,16545.21,12584.0,101016.0,11714.82,201272.0,1366970.0,12438.0,6145.193,216007.0,8642.0,93952.0,20836.0,9401.0,6957393.0,12489.0,10912.0,3829.0,7869.0,27047.0,23368.0,25383.0,142171.0,21835.0,819388.0,11078.0,389411.6,71368.0,286940.0,15172.0,7451.0,10451.0,4601758.0,54940.0,14323.33,13497.88,836707.0,36174.0,26666.0,208765.0,15238.0,27919.68,657469.0,115824.0,22757.0,49758.0,5119.0,402817.0,40085.0,78345.0,89368.96,23343.0,10733.22,136447.0,23864.0,7943.0,49020.0,91342.0,14058.94,33458.0,87374.0,12772.0,36807.0,8909.0,13126.0,141595.0,5425.0,10009.0,87341.0,70325.0,10850.0,29604.0,68369.17,89979.0,448664.0
57629.0,15824.0,17797.0,33069.0,14866.0,117251.0,571969.0,13978.0,14628.0,181231.0,9321.0,89514.0,17595.0,14941.0,6609110.0,14710.0,8764.0,5765.0,7448.0,33857.0,8667.0,16116.0,130496.0,798115.0,572592.0,26800.0,378953.0,34086.0,211227.0,13410.0,5749.0,7716.0,1804463.0,27577.0,8688.0,16040.0,579708.0,42537.0,26725.0,93477.0,21676.0,29172.0,554592.0,142598.0,31568.0,74492.0,5958.263,274165.0,44505.23,72677.0,276620.0,21015.0,7728.0,47036.0,12002.0,10182.0,6274.0,27186.0,5269.0,46802.0,89220.0,8458.0,30668.0,12761.0,5441.0,91586.0,4357.0,5957.0,73015.0,46777.0,10462.0,22809.0,51385.0,86430.0,414266.0
522441.0,18726.24,15685.0,101522.0,12207.08,208115.0,1696705.0,13072.0,12102.65,296460.0,9293.0,94901.0,21076.44,14446.0,7399910.0,44578.0,18389.0,5045.0,10605.0,18580.0,33323.0,30906.0,145409.0,183567.0,1085280.0,199828.0,479770.6,118708.0,502203.0,15254.0,11464.0,11893.0,6138831.0,48460.05,19078.0,17844.0,897434.0,66033.0,39539.0,189056.0,18940.0,25365.0,1131456.0,116687.0,20572.0,75121.95,5780.501,520948.0,43717.0,75604.0,263519.0,22501.0,15534.0,279433.0,27237.0,4132.0,56068.0,71626.0,20833.0,13575.0,96523.0,10325.0,34277.0,4081.0,10241.0,190007.0,5822.0,8786.0,97469.0,63862.0,26568.0,41080.0,54677.13,107808.0,462856.0
434285.3,11136.14,9046.0,101293.0,13968.0,208169.0,999484.0,15842.0,10413.0,243247.0,11486.63,95024.0,45046.0,13823.0,7038539.0,6415.0,25059.0,11579.0,11192.0,59609.0,17584.0,42436.89,163741.0,201236.0,622689.0,31211.0,324261.6,98954.0,288204.0,23392.0,9358.0,6821.0,3601383.0,43143.0,10339.2,15549.0,688675.0,46954.0,42179.0,534870.0,15929.0,24038.0,635601.0,112115.0,26557.0,71269.0,5690.0,508717.0,40638.0,70381.0,280618.0,15026.6,10413.0,104953.1,61749.0,5631.0,24785.0,75028.0,33871.87,68655.0,91561.0,10857.0,37150.0,7313.882,13205.0,109557.0,5037.0,14531.0,96734.0,65677.0,6424.0,47922.0,63080.88,122636.0,438707.0
245283.0,18590.0,7875.0,94679.0,11316.43,229790.0,1023323.0,64972.0,18851.55,220165.0,3240.0,274197.6,30726.0,1657.937,7752026.0,23393.0,48114.0,6628.0,5499.0,24939.0,12302.0,95524.0,91726.0,1552724.0,549197.0,31344.0,171838.0,100603.0,166942.0,35323.0,6759.0,13770.0,3222404.0,34290.0,8011.0,4137.518,665764.0,30920.0,30394.0,148819.0,8493.0,18505.0,759135.0,129016.0,22458.0,56066.0,6533.934,373123.0,49457.09,120656.0,226775.0,12239.0,15227.0,182052.0,16659.78,3516.0,1273.308,76868.0,15197.0,9891.0,102930.0,5793.272,68171.0,17614.0,15465.56,78607.0,6526.218,10839.0,457903.0,77047.0,17995.0,35088.0,214602.0,92066.0,621317.0
614891.0,22577.0,18081.0,134990.0,19129.0,197652.0,2299394.0,52065.23,16784.0,101184.0,2856.718,469446.0,12842.0,1237.878,8313235.0,7585.0,36040.0,22402.0,5515.0,3738.0,10597.0,13885.0,177861.0,80957.0,1603935.0,14119.0,664602.0,119661.0,574659.0,52199.0,10043.0,20503.0,6331252.0,63415.28,17333.0,4188.352,842455.0,20186.0,32072.0,236919.0,24523.0,21261.0,740089.0,249187.0,27500.0,109876.2,7015.0,623448.0,44815.0,100140.0,388430.0,19357.0,14643.0,319181.0,39743.0,6084.0,2637.084,54475.0,24231.0,24731.46,105402.0,8254.0,82608.0,6261.0,4913.0,306458.0,4771.627,8051.0,765051.0,75354.0,6264.0,39273.0,232705.0,74913.0,621245.0
458823.0,11470.0,9894.112,111175.0,15889.73,176921.0,1478810.0,12126.0,9991.33,172726.0,12458.38,105795.0,18191.0,8005.0,7220152.0,12859.0,8390.0,25650.0,8847.834,11694.0,19120.0,21741.0,144183.0,1688159.0,894461.0,8353.0,887726.0,135693.0,227115.0,19469.0,10791.0,8293.0,5338040.0,63770.43,21525.0,21916.0,763229.0,41921.0,37159.0,196535.0,20453.0,31406.55,962416.0,140551.0,26350.45,98806.84,5850.0,368075.9,40255.0,81955.0,13026.29,18008.0,10072.79,141838.0,54394.0,8053.0,5911.0,68384.0,18736.0,25551.0,88599.01,11160.0,41641.0,6784.0,10554.0,185888.0,5158.0,12818.0,88303.0,56860.0,19980.0,37747.0,73131.0,108560.0,507085.0
194749.3,6113.0,1733.425,47761.0,5686.425,77732.0,755132.0,7510.0,5346.0,130744.0,3229.0,67126.0,18862.0,4675.0,4646813.0,5326.0,3789.0,1291.656,3723.0,22392.0,3336.128,11328.0,82363.0,494.6923,541331.0,9694.0,170951.4,60846.0,201462.0,3788.056,6409.0,832.2071,3711668.0,26370.0,10057.0,10304.0,438191.0,14771.0,18760.0,84581.0,2976.828,21305.0,283754.0,57476.0,18554.45,44458.0,2989.0,496759.0,21493.0,39086.0,124437.0,5998.0,3252.853,92417.0,6431.0,2468.077,683.6656,39450.0,19565.69,2865.381,56058.0,4697.0,16496.0,5183.0,4566.96,98478.0,2570.135,6663.0,63126.0,69336.0,6133.743,17576.0,31291.0,47549.0,256281.0
473113.0,4860.0,3122.0,94910.0,13376.0,113895.0,771796.0,5178.0,8608.082,37746.0,7973.0,84957.0,14429.0,4502.0,4227678.0,1449.434,6052.0,5079.0,9916.0,3255.21,2471.84,5533.039,169966.0,614.2554,433284.0,2828.304,588326.0,75917.0,214437.0,25642.25,5254.0,3143.0,3481570.0,81385.86,7528.0,7483.0,653084.0,12285.0,16598.0,122018.0,7297.0,7503.0,243467.0,120241.9,15742.0,55194.92,3840.51,693320.0,22470.0,38925.0,37090.0,6863.691,7939.0,120951.1,89863.0,5931.0,576.133,29653.0,13527.33,49830.0,48365.0,6346.0,27616.0,1640.258,141667.1,157983.0,2159.728,7386.0,158369.9,36952.0,2175.09,26703.0,42836.0,67322.0,270632.0
254386.4,8746.811,2400.442,68603.0,8387.0,89578.0,722247.0,23373.0,6022.453,133912.0,4360.034,56501.0,12713.0,1348.567,5234313.0,3290.0,29245.0,1505.007,3768.754,9599.0,5895.0,23014.0,84395.0,112875.0,520657.0,22988.0,322373.0,72041.0,166081.0,5442.0,7099.0,9724.0,3124018.0,24444.0,6630.0,3692.0,218788.0,19076.0,24024.0,154513.0,3961.0,9816.0,272100.0,65338.0,9155.113,27174.0,3413.0,272676.0,24455.0,43871.0,183495.9,6970.0,3972.0,138212.0,11679.0,1695.782,3671.0,42650.0,9096.0,16163.0,64357.0,3521.0,18927.29,4746.0,4994.0,78335.0,2891.0,4590.0,51864.0,81345.0,4316.0,28789.24,27392.67,37316.0,269233.0
244790.0,12435.0,2084.555,38763.0,7828.0,86105.0,607234.0,22956.0,5742.0,114088.0,3243.0,231905.0,13036.0,1739.793,4005050.0,1950.587,27264.0,10841.0,4307.0,3412.0,9799.0,7853.0,72373.0,19453.0,357864.0,8209.0,184350.0,59182.0,64467.0,30830.0,8931.0,3275.734,1654782.0,42906.0,3683.817,1775.764,514085.0,17501.0,11808.0,89325.0,4201.0,9670.0,531204.4,76115.0,9324.0,20019.0,4027.0,19843.52,27421.0,84081.0,46.92248,10627.0,9548.0,58466.0,4288.006,1616.652,7517.0,30312.14,6687.0,16165.0,14008.34,3334.0,42666.0,4568.0,7983.0,20973.0,6070.0,3970.0,493871.0,53984.64,5722.0,36615.2,38006.0,31382.0,387480.0
317912.0,8841.0,2640.0,108120.0,11485.0,78775.0,1973670.0,5148.0,4941.0,72431.0,4535.0,273445.0,9938.0,4121.742,5070394.0,435.3537,3417.545,27026.0,5830.0,2069.144,6152.0,10481.0,128332.0,167820.0,1204250.0,4349.0,683324.0,69124.0,464200.0,29677.0,7465.0,7052.0,5394619.0,47482.26,9742.0,11605.0,756959.0,11834.0,19849.0,154347.0,4787.0,15568.0,482062.0,82429.85,9856.0,26867.0,4582.573,413917.0,30439.0,87565.0,293316.0,11448.0,4426.0,171517.0,25810.0,3562.074,2724.0,29470.0,17751.0,32183.0,60562.0,6178.0,37776.0,1462.54,99282.2,232704.0,6003.0,6847.0,420052.0,53250.77,457.4908,27676.0,123383.0,45420.0,416907.0
547618.0,9098.0,3479.0,116549.0,10424.0,99992.0,1509207.0,7458.0,4347.0,128346.0,3649.0,29419.0,11706.73,5431.0,4683739.0,2827.0,3999.0,16220.0,8467.0,4044.0,4009.0,17664.0,100810.0,229072.2,953267.0,16012.0,613159.0,87129.0,255101.0,46205.0,10673.0,4147.0,4793934.0,83244.0,11653.0,10725.0,893845.0,16630.0,29244.0,247382.0,6634.0,19956.0,280188.0,91709.48,11855.56,32860.64,3437.267,210178.9,31039.0,106261.0,67396.8,7134.238,3512.0,247577.4,38460.0,5575.0,3218.0,234.6358,14396.0,23745.0,55799.0,5097.0,51706.0,5565.0,11064.25,171250.0,7916.0,7520.0,755727.0,2143.455,5746.0,34347.0,53623.0,49708.0,476853.0
63758.0,6254.0,7001.0,9846.0,28651.0,79421.0,377930.0,4724.943,6616.0,76419.0,4296.0,65461.0,8152.0,3997.0,3605500.0,5041.0,3081.0,6165.0,3155.928,4296.294,4051.0,6508.0,313038.0,572008.0,211296.0,12302.0,144409.7,33798.0,94647.0,23506.67,9017.0,3055.42,1182406.0,14319.0,2113.392,9376.0,553205.0,15017.0,14349.0,40009.0,5676.0,11653.0,284133.0,91583.59,13567.0,44329.21,1884.538,540548.0,22139.0,39224.0,554419.0,11441.0,4123.0,31429.0,6785.817,2673.0,1089.866,38246.0,2693.005,24507.0,43234.0,7581.0,24313.96,2175.938,3306.0,38120.0,2471.026,4857.0,61246.0,44579.97,3955.382,8272.091,60538.0,53751.0,233271.0
282731.0,6004.0,2677.368,60477.0,8233.44,81173.0,860428.0,6063.0,10584.0,88930.0,4676.908,229290.0,15266.0,15070.0,4992469.0,4617.0,5715.0,21182.0,6588.0,10087.0,4591.0,18274.0,66741.0,219704.0,485977.0,7246.0,349406.2,70421.0,139317.0,19589.0,8844.0,2094.231,3350202.0,38088.0,9606.576,10353.0,721444.0,19102.0,23607.0,129956.0,15834.0,13167.0,257305.0,106199.5,19801.88,56837.0,4192.0,106993.5,30138.0,54600.0,16.87386,4987.0,3727.0,101893.0,26125.0,11064.0,845.7139,28474.52,8869.455,3939.0,47887.02,11656.0,40707.0,2980.0,4943.0,155399.0,2815.0,7650.0,333507.0,60178.0,10801.62,19722.0,99456.0,56886.0,330868.0
317051.0,13155.0,2902.0,90002.0,12896.0,114769.0,745634.0,5728.0,4032.0,121649.0,8460.0,652064.0,14104.0,4717.0,4652113.0,535.405,7876.0,6551.0,8432.0,2417.714,5685.0,19792.0,110294.0,123970.0,403536.0,11681.0,987046.0,109307.0,121274.0,62069.0,8180.0,6591.0,3117800.0,61744.0,8005.0,9833.0,1211246.0,35543.0,33410.0,129726.0,4711.0,13607.0,476892.0,214508.0,9101.0,38767.0,4577.0,76859.51,23711.0,57525.0,2.875708,11774.0,4453.96,73804.0,77323.0,12314.0,4923.0,26537.82,9779.0,31503.0,38905.15,12042.0,72895.0,5104.0,7651.0,101159.0,2731.139,6002.0,754305.0,73532.66,1082.066,27689.0,215824.0,52269.0,328339.0
146581.0,5637.0,4049.0,37877.0,19726.0,20194.47,314776.0,7838.0,5816.0,175577.0,3754.319,55418.0,16024.0,5079.0,3872543.0,3611.0,4524.0,1333.568,3490.0,5067.0,5054.0,10418.0,231172.0,70051.0,208979.0,5989.0,157847.0,54834.0,64379.0,34764.01,6046.0,1436.816,1155932.0,14127.42,5075.044,5020.417,511734.0,26973.0,12452.0,47804.0,6082.048,11200.0,689782.0,122481.4,23136.89,91275.23,5168.0,356519.0,21816.0,40376.0,259056.0,18629.0,3253.0,43076.0,9996.0,2945.0,14157.0,37808.0,5159.0,26460.0,50492.0,5692.0,17287.0,4614.0,5543.945,45904.0,2431.211,2112.53,72773.0,30498.17,2962.0,11376.0,29088.46,53692.0,235345.0
314577.0,9060.0,2427.898,53322.0,9628.0,81365.0,736928.0,21026.91,4531.707,147055.0,1177.219,114489.0,14096.0,1058.764,4565241.0,2108.912,29396.0,1648.434,3986.0,14925.0,6094.931,9777.0,69315.0,1070.462,381025.0,19794.0,286389.0,67979.0,111810.0,20279.0,4314.0,2089.92,1931368.0,26849.0,3017.567,2013.332,510692.0,9761.0,11086.0,45465.0,10282.0,7528.0,637871.0,48164.51,6170.0,15642.0,3530.0,197814.0,22729.0,58952.0,98077.31,10860.0,4090.0,62145.0,6207.634,1487.605,2989.0,50484.0,8920.0,11694.0,55324.0,2868.755,33861.0,6214.0,5289.0,38725.0,2227.47,4309.0,192677.0,35147.0,7208.0,147144.2,16330.0,37198.0,330677.0
401592.0,18321.78,5869.0,111686.0,35441.0,166280.0,1053508.0,42448.0,12447.0,272172.0,2193.411,435894.0,23086.0,2131.84,5432967.0,6832.0,60908.0,4287.0,9280.0,19115.0,8374.0,41555.0,413475.0,1781867.0,634061.0,38259.0,181597.0,96891.0,163152.0,75879.0,9637.0,10733.0,2817794.0,95576.0,10488.0,2979.801,927971.0,33108.0,45371.0,480440.0,5634.395,12285.0,744808.0,181779.5,19407.0,54010.0,8662.0,790978.0,39932.0,149688.0,474268.0,21461.0,8752.778,108241.0,21222.0,6265.0,15150.0,51902.0,11541.0,57835.0,64773.0,7128.0,86974.0,10337.0,21298.0,95174.0,13497.0,4649.0,926935.0,45883.0,6591.608,42176.13,290644.0,70513.0,643804.0
609138.0,12467.64,3800.0,98429.0,17346.0,132731.0,1183646.0,11180.2,9224.0,263466.0,4284.51,365358.0,32266.0,9011.0,8083213.0,3666.0,19535.0,4091.0,11369.0,2676.757,23624.63,31282.0,172531.0,1524.753,604308.0,29150.0,357513.0,116027.0,169027.0,48917.0,11250.0,8916.604,3611370.0,78250.0,15860.0,8881.743,1429707.0,30147.0,39979.0,866328.0,6558.0,15051.0,916075.0,132053.0,17361.0,43462.0,6391.0,725197.0,40732.0,94048.0,251737.0,14037.0,5683.0,178684.0,47815.0,6809.0,20470.0,64911.0,16526.64,48086.0,97371.0,9748.0,69160.0,7994.0,14814.41,108535.6,4519.0,12622.0,632316.0,62307.0,7981.0,67127.89,179301.0,101791.0,505327.0
88728.0,10605.0,4527.0,15369.0,14788.0,193001.0,696256.0,10009.29,14456.0,144348.0,7188.377,81447.0,21885.43,9842.0,6000367.0,2220.112,7734.0,2835.0,6584.0,7486.037,16820.0,17677.0,133600.0,2332.448,413397.0,5458.0,484211.0,46039.0,374078.0,16781.0,8954.0,12235.0,2948591.0,26281.6,7159.0,11709.28,750715.0,21682.0,16095.0,77659.0,9394.0,23293.0,1329392.0,145505.5,31087.0,59785.0,6418.0,362781.0,33436.0,56052.0,176958.6,19801.14,25432.0,148252.0,16157.0,5348.0,1788.406,79180.0,14275.0,74169.0,73333.0,11381.0,34600.0,4747.0,4406.0,71218.0,3744.0,16560.0,69803.0,57964.0,8108.0,40789.59,72683.0,102496.0,363064.0
389474.0,20896.0,8349.0,64089.0,22372.0,180329.0,858795.0,46150.0,14739.0,196443.0,2744.816,283817.0,30168.0,1703.446,5395913.0,6481.0,65399.0,1528.652,9009.0,12921.0,14044.0,20183.0,258573.0,810220.0,347425.2,12007.0,527230.3,88274.0,132927.0,51873.0,8975.0,7225.0,3067374.0,48869.0,6712.846,3994.316,778775.0,30119.0,20020.0,124153.0,22656.0,9712.0,692876.0,124289.0,20342.0,54242.0,8178.876,68206.76,39943.0,104997.0,22.57619,19606.0,8764.534,88691.0,44889.0,8797.0,16871.0,75072.74,29307.15,64878.0,30096.12,5489.0,71895.74,14261.0,7573.969,53330.65,5337.0,8919.0,459714.0,41783.07,10987.0,27881.0,235198.0,96838.0,557855.0
25748.0,15475.0,763.3093,12191.0,6331.0,83793.0,436068.0,17450.0,6474.0,66035.0,924.6961,199554.0,7434.0,1242.982,3385833.0,858.5648,15262.0,1159.016,4482.816,5309.0,7731.0,10508.0,73436.0,328939.0,283274.0,6100.0,315832.0,22688.0,169031.0,19291.0,3822.0,2514.0,1005132.0,27586.0,4638.0,1440.837,316447.0,15076.0,10826.0,79462.0,1497.093,5501.0,277007.0,72992.0,9598.0,23941.0,4109.0,140527.6,18097.0,63450.0,1691.35,4510.838,3202.765,51478.0,5372.774,5188.0,1093.228,18968.04,2531.0,4397.679,24107.48,2560.098,30829.0,4227.0,2114.764,521020.0,5248.0,3389.0,346838.0,53971.0,3687.889,11538.0,105142.0,26648.0,269346.0
61419.0,11807.0,2286.814,13031.0,10873.0,88761.0,668131.0,23944.0,6453.0,68384.0,3328.0,56803.0,11964.0,727.2068,4784789.0,596.5123,34692.0,8145.0,7581.0,3795.0,8326.0,7420.0,100036.0,377552.0,562741.0,16654.0,370788.0,24594.0,273477.0,9434.695,4996.0,7031.0,2389784.0,33839.0,6587.599,3045.553,217275.0,22957.0,13980.0,74493.0,3755.0,9310.0,381652.0,59140.85,10828.16,23907.0,4302.092,80826.85,23204.0,36048.05,4.53e-07,9600.0,6684.0,205513.0,7933.0,2014.519,5794.0,21362.52,2490.319,49390.0,35496.05,3777.0,19440.63,3719.0,2317.321,538709.0,2520.582,6726.0,49364.0,59293.0,1388.457,23122.16,31612.0,42508.0,239809.0
